ID,prefLabel,altLabel,definition,broader,isProcedureFor,exactMatch,closeMatch,source link
https://w3id.org/eusoilvoc#AcidityExchangeable,acidity exchangeable,,Exchangeable acidity represents the amount of hydrogen (H⁺) and aluminum (Al³⁺) ions adsorbed onto soil particles that can be exchanged with the soil solution. It is a key factor in determining soil liming requirements and improving nutrient availability in acidic soils. Source: Brady & Weil (2017).,exchangeable cations,,http://w3id.org/glosis/model/codelists/physioChemicalPropertyCode-Aciexc,,http://w3id.org/glosis/model/codelists/physioChemicalPropertyCode-Aciexc
https://w3id.org/eusoilvoc#AerationPorosity,aeration porosity,,The pore space filled with air when a soil sample is placed on a porous plate and equilibrated at 50 cm of suction.,soil porosity index,,http://imash.leeds.ac.uk/ontologies/atu/SoilPhysics.owl#AerationPorosity,,https://doi.org/10.4324/9780203021231
https://w3id.org/eusoilvoc#AggregatedSiltClay,aggregated silt clay,,An index of soil aggregation calculated as the actual silt-plus-clay percentage determined with dispersion minus the percentage in suspension determined without dispersion.,soil structure indirect index,,http://imash.leeds.ac.uk/ontologies/atu/SoilPhysics.owl#AggregatedSiltClay,,https://doi.org/10.4324/9780203021231
https://w3id.org/eusoilvoc#AgriculturalSustainability,agricultural sustainability,,Non-negative trends in agricultural productivity while preserving the resource base and maintaining environmental quality.,soil agricultural functions,,http://imash.leeds.ac.uk/ontologies/atu/SoilPhysics.owl#AgriculturalSustainability,,https://doi.org/10.4324/9780203021231
https://w3id.org/eusoilvoc#AirFilledPorosity,air filled porosity,,The ratio of the volume of air in soil pores to the total soil volume; it is also equal to total porosity minus volumetric soil moisture content.,soil porosity,,http://imash.leeds.ac.uk/ontologies/atu/SoilPhysics.owl#AirFilledPorosity,,https://doi.org/10.4324/9780203021231
https://w3id.org/eusoilvoc#AirPorosity,air porosity,,"The volume of air-filled pores divided by the total soil volume; equivalently, total porosity minus volumetric water content.",soil porosity,,http://imash.leeds.ac.uk/ontologies/atu/SoilPhysics.owl#AirPorosity,,https://doi.org/10.4324/9780203021231
https://w3id.org/eusoilvoc#AirQuality,air quality,,,soil environmental functions,,http://aims.fao.org/aos/agrovoc/c_a2ef545f | http://imash.leeds.ac.uk/ontologies/atu/SoilPhysics.owl#AirQuality | http://opendata.inrae.fr/thesaurusINRAE/c_4762 | http://www.eionet.europa.eu/gemet/concept/270 | https://soilwise-he.github.io/soil-health#AirQuality,,
https://w3id.org/eusoilvoc#AirRatio,air ratio,,The ratio of the volume of air in a soil to the volume of its solids.,soil porosity,,http://imash.leeds.ac.uk/ontologies/atu/SoilPhysics.owl#AirRatio,,https://doi.org/10.4324/9780203021231
https://w3id.org/eusoilvoc#Aluminium,aluminium,,,soil contaminants,,http://aims.fao.org/aos/agrovoc/c_317 | http://opendata.inrae.fr/thesaurusINRAE/c_15702 | http://www.eionet.europa.eu/gemet/concept/353 | https://soilwise-he.github.io/soil-health#Aluminium,,
https://w3id.org/eusoilvoc#AluminiumExchangeableBase,aluminium exchangeable base,,Aluminium ions bound to exchange surfaces in the soil such as clay minerals and organic matter that can be released to the soil solution upon exchange,aluminium,,http://w3id.org/glosis/model/codelists/physioChemicalPropertyCode-Aluexc,,http://w3id.org/glosis/model/codelists/physioChemicalPropertyCode-Aluexc
https://w3id.org/eusoilvoc#AluminiumExtractableElements,aluminium extractable elements,aluminium extractable element,Aluminium bound to the soil matrix but that can be released into the soil solution (i.e. become bio-available),aluminium,,http://w3id.org/glosis/model/codelists/physioChemicalPropertyCode-Aluext,,http://w3id.org/glosis/model/codelists/physioChemicalPropertyCode-Aluext
https://w3id.org/eusoilvoc#AluminiumTotalElements,aluminium total elements,aluminium total element,"Total concentration of aluminium in the soil, including both soluble and insoluble forms, typically measured after complete digestion of the soil sample.",aluminium,,http://w3id.org/glosis/model/codelists/physioChemicalPropertyCode-Alutot,,http://w3id.org/glosis/model/codelists/physioChemicalPropertyCode-Alutot
https://w3id.org/eusoilvoc#AntecedentSoilMoistureContents,antecedent soil moisture contents,antecedent soil moisture content,The wetness of a soil at the beginning of a rainfall event. | the moisture content of soil profile before rainfall or irrigation begins,soil moisture contents,,http://imash.leeds.ac.uk/ontologies/atu/SoilPhysics.owl#AntecedentSoilMoistureContent,,https://doi.org/10.4324/9780203021231 | http://imash.leeds.ac.uk/ontologies/atu/SoilPhysics.owl#AntecedentSoilMoistureContent
https://w3id.org/eusoilvoc#AvailableWaterHoldingCapacity,available water holding capacity,,"Available water capacity (AWC) measures the volume of water soil can retain between field capacity and the permanent wilting point. It represents the water accessible to plants for uptake. High AWC supports better plant growth, while low AWC may necessitate irrigation. Source: USDA NRCS.",soil water holding capacity,,http://w3id.org/glosis/model/codelists/physioChemicalPropertyCode-Avavol,,http://w3id.org/glosis/model/codelists/physioChemicalPropertyCode-Avavol
https://w3id.org/eusoilvoc#BaseSaturation,base saturation,,"Base saturation represents the percentage of the soil's cation exchange capacity (CEC) occupied by basic cations such as calcium (Ca²⁺), magnesium (Mg²⁺), potassium (K⁺), and sodium (Na⁺). Higher base saturation typically correlates with higher fertility and a greater ability to supply essential nutrients to plants. This parameter also influences soil pH buffering capacity. Source: Brady & Weil (2017).",soil chemical properties,,http://aims.fao.org/aos/agrovoc/c_dbde833c | http://w3id.org/glosis/model/codelists/physioChemicalPropertyCode-Bascal | https://soilwise-he.github.io/soil-health#BaseSaturation,,http://w3id.org/glosis/model/codelists/physioChemicalPropertyCode-Bascal
https://w3id.org/eusoilvoc#Biochannel,biochannel,,,soil pores,,http://imash.leeds.ac.uk/ontologies/atu/SoilPhysics.owl#Biochannel,,
https://w3id.org/eusoilvoc#BiologicalAbundance,biological abundance,,"The Biological Abundance evaluates the presence and quantity of soil organisms, such as microbes, insects, and earthworms. This property reflects soil health, nutrient cycling, and organic matter decomposition, which are vital for maintaining soil fertility. Source: Lavelle, P., & Spain, A.V. (2001). Soil Ecology.",soil biological properties,,http://w3id.org/glosis/model/layerhorizon/biologicalAbundanceProperty,,http://w3id.org/glosis/model/layerhorizon/biologicalAbundanceProperty
https://w3id.org/eusoilvoc#BiologicalFeatures,biological features,biological feature,"The Biological Features examines qualitative aspects of soil biological activity, including the types of organisms present, their diversity, and their roles in soil ecosystems. It encompasses processes like nitrogen fixation, organic matter decomposition, and bioturbation. Source: Soil Science Society of America (SSSA) Glossary.",soil biological properties,,http://w3id.org/glosis/model/layerhorizon/biologicalFeaturesProperty,,http://w3id.org/glosis/model/layerhorizon/biologicalFeaturesProperty
https://w3id.org/eusoilvoc#BiologicalNitrogenFixation,biological nitrogen fixation,,The process by which bacteria absorb nitrogen gas from the air and convert it to ammonium that plants can use.,soil biological processes,,http://aims.fao.org/aos/agrovoc/c_27742 | http://imash.leeds.ac.uk/ontologies/atu/SoilPhysics.owl#BiologicalNitrogenFixation | http://www.eionet.europa.eu/gemet/concept/862,,https://doi.org/10.4324/9780203021231
https://w3id.org/eusoilvoc#Biomass,biomass,,,soil biota,,http://aims.fao.org/aos/agrovoc/c_926 | http://imash.leeds.ac.uk/ontologies/atu/SoilPhysics.owl#Biomass | http://opendata.inrae.fr/thesaurusINRAE/c_432 | http://www.eionet.europa.eu/gemet/concept/883 | https://data.geoscience.earth/ncl/ISO11074v2025/3.49,,
https://w3id.org/eusoilvoc#BiomassProductivity,biomass productivity,,,soil function indicators,,https://soilwise-he.github.io/soil-health#BiomassProductivity,,
https://w3id.org/eusoilvoc#BleachedSand,bleached sand,,"The Bleached Sand refers to the physical characteristic of sandy soil that has undergone a bleaching process due to leaching, where minerals such as iron and other elements have been removed by water. This process often occurs in areas with high rainfall, leading to a soil that appears lighter in color. Bleached sand typically indicates low fertility and poor nutrient-holding capacity due to the lack of iron and other nutrients that are washed away. Source: Brady, N. C., & Weil, R. R. (2008). The Nature and Properties of Soils (14th ed.). Pearson Prentice Hall.",sand,,http://w3id.org/glosis/model/common/bleachedSandProperty,,http://w3id.org/glosis/model/common/bleachedSandProperty
https://w3id.org/eusoilvoc#bulkDensityFineEarthProcedure-BlkDensF_fe-cl-fc,BlkDensF_fe-cl-fc,,"Fine earth. Clod samples (natural clods or reconstituted from < 2mm sample), at field capacity (0.33 bar, 33 kPa, 330 cm, pF 2.5), corrected for coarse fragments if any",,bulk density fine earth,http://w3id.org/glosis/model/procedure/bulkDensityFineEarthProcedure-BlkDensF_fe-cl-fc,,http://w3id.org/glosis/model/procedure/bulkDensityFineEarthProcedure-BlkDensF_fe-cl-fc
https://w3id.org/eusoilvoc#bulkDensityFineEarthProcedure-BlkDensF_fe-cl-od,BlkDensF_fe-cl-od,,"Fine earth. Clod samples (natural clods or reconstituted from < 2mm sample), at oven dry, corrected for coarse fragments if any",,bulk density fine earth,http://w3id.org/glosis/model/procedure/bulkDensityFineEarthProcedure-BlkDensF_fe-cl-od,,http://w3id.org/glosis/model/procedure/bulkDensityFineEarthProcedure-BlkDensF_fe-cl-od
https://w3id.org/eusoilvoc#bulkDensityFineEarthProcedure-BlkDensF_fe-cl-unkn,BlkDensF_fe-cl-unk,,"Fine earth. Clod samples (natural clods or reconstituted from < 2mm sample), at unknown humidity, corrected for coarse fragments if any",,bulk density fine earth,http://w3id.org/glosis/model/procedure/bulkDensityFineEarthProcedure-BlkDensF_fe-cl-unkn,,http://w3id.org/glosis/model/procedure/bulkDensityFineEarthProcedure-BlkDensF_fe-cl-unkn
https://w3id.org/eusoilvoc#bulkDensityFineEarthProcedure-BlkDensF_fe-co-fc,BlkDensF_fe-co-fc,,"Fine earth. Core sampling (pF rings), at field capacity (0.33 bar, 33 kPa, 336 cm, pF 2.5), corrected for coarse fragments if any",,bulk density fine earth,http://w3id.org/glosis/model/procedure/bulkDensityFineEarthProcedure-BlkDensF_fe-co-fc,,http://w3id.org/glosis/model/procedure/bulkDensityFineEarthProcedure-BlkDensF_fe-co-fc
https://w3id.org/eusoilvoc#bulkDensityFineEarthProcedure-BlkDensF_fe-co-od,BlkDensF_fe-co-od,,"Fine earth. Core sampling (pF rings), at oven dry, corrected for coarse fragments if any",,bulk density fine earth,http://w3id.org/glosis/model/procedure/bulkDensityFineEarthProcedure-BlkDensF_fe-co-od,,http://w3id.org/glosis/model/procedure/bulkDensityFineEarthProcedure-BlkDensF_fe-co-od
https://w3id.org/eusoilvoc#bulkDensityFineEarthProcedure-BlkDensF_fe-co-unkn,BlkDensF_fe-co-unk,,"Fine earth. Core sampling (pF rings), at unknown humidity, corrected for coarse fragments if any",,bulk density fine earth,http://w3id.org/glosis/model/procedure/bulkDensityFineEarthProcedure-BlkDensF_fe-co-unkn,,http://w3id.org/glosis/model/procedure/bulkDensityFineEarthProcedure-BlkDensF_fe-co-unkn
https://w3id.org/eusoilvoc#bulkDensityFineEarthProcedure-BlkDensF_fe-rpl-unkn,BlkDensF_fe-rpl-unk,,"Fine earth. Excavation and replacement (i.e. soils too fragile to remove a stable sample) e.g. by auger, at unknown humidity, corrected for coarse fragments if any",,bulk density fine earth,http://w3id.org/glosis/model/procedure/bulkDensityFineEarthProcedure-BlkDensF_fe-rpl-unkn,,http://w3id.org/glosis/model/procedure/bulkDensityFineEarthProcedure-BlkDensF_fe-rpl-unkn
https://w3id.org/eusoilvoc#bulkDensityFineEarthProcedure-BlkDensF_fe-unkn,BlkDensF_fe-unk,,"Fine earth. Type of sample unknown, at unknown humidity, corrected for coarse fragments if any",,bulk density fine earth,http://w3id.org/glosis/model/procedure/bulkDensityFineEarthProcedure-BlkDensF_fe-unkn,,http://w3id.org/glosis/model/procedure/bulkDensityFineEarthProcedure-BlkDensF_fe-unkn
https://w3id.org/eusoilvoc#bulkDensityFineEarthProcedure-BlkDensF_fe-unkn-fc,BlkDensF_fe-unkn-fc,,"Fine earth. Type of sample unknown, at field capacity (0.33 bar, 33 kPa, 330 cm, pF 2.5), corrected for coarse fragments if any",,bulk density fine earth,http://w3id.org/glosis/model/procedure/bulkDensityFineEarthProcedure-BlkDensF_fe-unkn-fc,,http://w3id.org/glosis/model/procedure/bulkDensityFineEarthProcedure-BlkDensF_fe-unkn-fc
https://w3id.org/eusoilvoc#bulkDensityFineEarthProcedure-BlkDensF_fe-unkn-od,BlkDensF_fe-unkn-od,,"Fine earth. Type of sample unknown, at oven dry, corrected for coarse fragments if any",,bulk density fine earth,http://w3id.org/glosis/model/procedure/bulkDensityFineEarthProcedure-BlkDensF_fe-unkn-od,,http://w3id.org/glosis/model/procedure/bulkDensityFineEarthProcedure-BlkDensF_fe-unkn-od
https://w3id.org/eusoilvoc#bulkDensityWholeSoilProcedure-BlkDensW_we-cl-fc,BlkDensW_we-cl-fc,,"Whole earth. Clod samples (natural clods), at field capacity (0.33 bar, 33 kPa, 330 cm, pF 2.5), not corrected for coarse fragments if any",,bulk density whole soil,http://w3id.org/glosis/model/procedure/bulkDensityWholeSoilProcedure-BlkDensW_we-cl-fc,,http://w3id.org/glosis/model/procedure/bulkDensityWholeSoilProcedure-BlkDensW_we-cl-fc
https://w3id.org/eusoilvoc#bulkDensityWholeSoilProcedure-BlkDensW_we-cl-od,BlkDensW_we-cl-od,,"Whole earth. Clod samples (natural clods), at oven dry, not corrected for coarse fragments if any",,bulk density whole soil,http://w3id.org/glosis/model/procedure/bulkDensityWholeSoilProcedure-BlkDensW_we-cl-od,,http://w3id.org/glosis/model/procedure/bulkDensityWholeSoilProcedure-BlkDensW_we-cl-od
https://w3id.org/eusoilvoc#bulkDensityWholeSoilProcedure-BlkDensW_we-cl-unkn,BlkDensW_we-cl-unk,,"Whole earth. Clod samples (natural clods), at unknown humidity, not corrected for coarse fragments if any",,bulk density whole soil,http://w3id.org/glosis/model/procedure/bulkDensityWholeSoilProcedure-BlkDensW_we-cl-unkn,,http://w3id.org/glosis/model/procedure/bulkDensityWholeSoilProcedure-BlkDensW_we-cl-unkn
https://w3id.org/eusoilvoc#bulkDensityWholeSoilProcedure-BlkDensW_we-co-fc,BlkDensW_we-co-fc,,"Whole earth. Core sampling (pF rings), at field capacity (0.33 bar, 33 kPa, 336 cm, pF 2.5), not corrected for coarse fragments if any",,bulk density whole soil,http://w3id.org/glosis/model/procedure/bulkDensityWholeSoilProcedure-BlkDensW_we-co-fc,,http://w3id.org/glosis/model/procedure/bulkDensityWholeSoilProcedure-BlkDensW_we-co-fc
https://w3id.org/eusoilvoc#bulkDensityWholeSoilProcedure-BlkDensW_we-co-od,BlkDensW_we-co-od,,"Whole earth. Core sampling (pF rings), at oven dry, not corrected for coarse fragments if any",,bulk density whole soil,http://w3id.org/glosis/model/procedure/bulkDensityWholeSoilProcedure-BlkDensW_we-co-od,,http://w3id.org/glosis/model/procedure/bulkDensityWholeSoilProcedure-BlkDensW_we-co-od
https://w3id.org/eusoilvoc#bulkDensityWholeSoilProcedure-BlkDensW_we-co-unkn,BlkDensW_we-co-unk,,"Whole earth. Core sampling (pF rings), at unknown humidity, not corrected for coarse fragments if any",,bulk density whole soil,http://w3id.org/glosis/model/procedure/bulkDensityWholeSoilProcedure-BlkDensW_we-co-unkn,,http://w3id.org/glosis/model/procedure/bulkDensityWholeSoilProcedure-BlkDensW_we-co-unkn
https://w3id.org/eusoilvoc#bulkDensityWholeSoilProcedure-BlkDensW_we-rpl-unkn,BlkDensW_we-rpl-unk,,"Whole earth. Excavation and replacement (i.e. soils too fragile to remove a stable sample) e.g. by auger, at unknown humidity, not corrected for coarse fragments if any",,bulk density whole soil,http://w3id.org/glosis/model/procedure/bulkDensityWholeSoilProcedure-BlkDensW_we-rpl-unkn,,http://w3id.org/glosis/model/procedure/bulkDensityWholeSoilProcedure-BlkDensW_we-rpl-unkn
https://w3id.org/eusoilvoc#bulkDensityWholeSoilProcedure-BlkDensW_we-unkn,BlkDensW_we-unk,,"Whole earth. Type of sample unknown, at unknown humidity, not corrected for coarse fragments if any",,bulk density whole soil,http://w3id.org/glosis/model/procedure/bulkDensityWholeSoilProcedure-BlkDensW_we-unkn,,http://w3id.org/glosis/model/procedure/bulkDensityWholeSoilProcedure-BlkDensW_we-unkn
https://w3id.org/eusoilvoc#Boron,boron,,,micronutrients,,http://aims.fao.org/aos/agrovoc/c_1018 | http://opendata.inrae.fr/thesaurusINRAE/c_13532 | http://www.eionet.europa.eu/gemet/concept/965 | https://soilwise-he.github.io/soil-health#Boron,,
https://w3id.org/eusoilvoc#BoronExtractableElements,boron extractable elements,boron extractable element,Boron bound to the soil matrix but that can be released into the soil solution (i.e. become bio-available),boron,,http://w3id.org/glosis/model/codelists/physioChemicalPropertyCode-Borext,,http://w3id.org/glosis/model/codelists/physioChemicalPropertyCode-Borext
https://w3id.org/eusoilvoc#BoronTotalElements,boron total elements,boron total element,"Total boron includes all boron forms in soil, crucial for plant cell wall formation and reproductive processes. Deficiency can impair growth, while toxicity is a risk in arid soils or with excessive irrigation. Source: Havlin et al. (2014).",boron,,http://w3id.org/glosis/model/codelists/physioChemicalPropertyCode-Bortot,,http://w3id.org/glosis/model/codelists/physioChemicalPropertyCode-Bortot
https://w3id.org/eusoilvoc#BoundaryDistinctness,boundary distinctness,,"The Boundary Distinctness describes the sharpness of transitions between soil horizons. Boundaries can range from abrupt (clear demarcation) to diffuse (gradual blending), providing insights into soil formation processes and profile development. Source: Soil Survey Manual (USDA, 2017).",soil horizon boundary,,http://w3id.org/glosis/model/layerhorizon/boundaryDistinctnessProperty,,http://w3id.org/glosis/model/layerhorizon/boundaryDistinctnessProperty
https://w3id.org/eusoilvoc#BoundaryTopography,boundary topography,,"The Boundary Topography characterizes the shape of soil horizon boundaries, which may be smooth, wavy, irregular, or broken. It reflects processes like erosion, deposition, or biological activity that influence horizon development. Source: FAO (2006). Guidelines for Soil Description.",soil horizon boundary,,http://w3id.org/glosis/model/layerhorizon/boundaryTopographyProperty,,http://w3id.org/glosis/model/layerhorizon/boundaryTopographyProperty
https://w3id.org/eusoilvoc#baseSaturationProcedure-BSat_calcul-cec,BSat_calcul-cec,,"Sum of exchangeable bases (Ca++, Mg++, K+, Na+) as percentage of CEC (method specified with CEC and ExchBases)",,base saturation,http://w3id.org/glosis/model/procedure/baseSaturationProcedure-BSat_calcul-cec,,http://w3id.org/glosis/model/procedure/baseSaturationProcedure-BSat_calcul-cec
https://w3id.org/eusoilvoc#baseSaturationProcedure-BSat_calcul-ecec,BSat_calcul-ecec,,"Sum of exchangeable bases (Ca++, Mg++, K+, Na+) as percentage of EffCEC (method specified with EffCEC and ExchBases)",,base saturation,http://w3id.org/glosis/model/procedure/baseSaturationProcedure-BSat_calcul-ecec,,http://w3id.org/glosis/model/procedure/baseSaturationProcedure-BSat_calcul-ecec
https://w3id.org/eusoilvoc#Building,building,,,land cover,,http://imash.leeds.ac.uk/ontologies/atu/SoilPhysics.owl#Building | http://opendata.inrae.fr/thesaurusINRAE/c_2560 | http://www.eionet.europa.eu/gemet/concept/1029,http://opendata.inrae.fr/thesaurusINRAE/c_13667 | https://soilwise-he.github.io/soil-health#Buildings,
https://w3id.org/eusoilvoc#BuildingStability,building stability,,,soil engineering functions,,http://imash.leeds.ac.uk/ontologies/atu/SoilPhysics.owl#BuildingStability,,
https://w3id.org/eusoilvoc#BulkDensityFineEarth,bulk density fine earth,,"This parameter measures the bulk density of the soil fraction smaller than 2 mm (excluding rocks and coarse fragments). It is used to assess the physical properties of soil related to root growth, water movement, and compaction. Source: Soil Science Society of America.",soil bulk density,,http://w3id.org/glosis/model/codelists/physioChemicalPropertyCode-BulDfine,,http://w3id.org/glosis/model/codelists/physioChemicalPropertyCode-BulDfine
https://w3id.org/eusoilvoc#BulkDensityMineral,bulk density mineral,,"The Bulk Density of Mineral Soil refers specifically to the density of the mineral portion of the soil, excluding organic matter. It provides insights into the physical state and compaction of mineral-dominated soils, influencing water movement and root growth. Source: Brady, N.C., & Weil, R.R. (2008). The Nature and Properties of Soils.",soil bulk density,,http://w3id.org/glosis/model/layerhorizon/bulkDensityMineralProperty,,http://w3id.org/glosis/model/layerhorizon/bulkDensityMineralProperty
https://w3id.org/eusoilvoc#BulkDensityPeat,bulk density peat,,"The Bulk Density of Peat measures the mass of dry organic soil (peat) per unit volume. Peat soils typically have low bulk density due to their high organic matter content and porosity, which significantly affects their water retention and drainage characteristics. Source: Rydin, H., & Jeglum, J. (2006). The Biology of Peatlands.",soil bulk density,,http://w3id.org/glosis/model/layerhorizon/bulkDensityPeatProperty,,http://w3id.org/glosis/model/layerhorizon/bulkDensityPeatProperty
https://w3id.org/eusoilvoc#BulkDensityWholeSoil,bulk density whole soil,,"Bulk density measures the mass of soil per unit volume, including both solids and pore spaces. It is a critical parameter for assessing soil compaction, porosity, and water infiltration capacity. High bulk density often indicates poor aeration and root penetration, while low values are associated with high organic matter content and good structure. Source: USDA NRCS.",soil bulk density,,http://w3id.org/glosis/model/codelists/physioChemicalPropertyCode-BulDwhole,,http://w3id.org/glosis/model/codelists/physioChemicalPropertyCode-BulDwhole
https://w3id.org/eusoilvoc#totalCarbonateEquivalentProcedure-CaCO3_acid-ch3cooh-dc,CaCO3_acid-ch3cooh-dc,,"Dissolution of carbonates by Acetic acid [CH3COOH], external heat (dry combustion)",,total carbonate equivalent,http://w3id.org/glosis/model/procedure/totalCarbonateEquivalentProcedure-CaCO3_acid-ch3cooh-dc,,http://w3id.org/glosis/model/procedure/totalCarbonateEquivalentProcedure-CaCO3_acid-ch3cooh-dc
https://w3id.org/eusoilvoc#totalCarbonateEquivalentProcedure-CaCO3_acid-ch3cooh-nodc,CaCO3_acid-ch3cooh-nodc,,"Dissolution of carbonates by Acetic acid [CH3COOH], no external (no dry combustion)",,total carbonate equivalent,http://w3id.org/glosis/model/procedure/totalCarbonateEquivalentProcedure-CaCO3_acid-ch3cooh-nodc,,http://w3id.org/glosis/model/procedure/totalCarbonateEquivalentProcedure-CaCO3_acid-ch3cooh-nodc
https://w3id.org/eusoilvoc#totalCarbonateEquivalentProcedure-CaCO3_acid-ch3cooh-unkn,CaCO3_acid-ch3cooh-unk,,"Dissolution of carbonates by Acetic acid [CH3COOH], external heat unknown",,total carbonate equivalent,http://w3id.org/glosis/model/procedure/totalCarbonateEquivalentProcedure-CaCO3_acid-ch3cooh-unkn,,http://w3id.org/glosis/model/procedure/totalCarbonateEquivalentProcedure-CaCO3_acid-ch3cooh-unkn
https://w3id.org/eusoilvoc#totalCarbonateEquivalentProcedure-CaCO3_acid-dc,CaCO3_acid-dc,,"Dissolution of carbonates by acid, external heat (dry combustion)",,total carbonate equivalent,http://w3id.org/glosis/model/procedure/totalCarbonateEquivalentProcedure-CaCO3_acid-dc,,http://w3id.org/glosis/model/procedure/totalCarbonateEquivalentProcedure-CaCO3_acid-dc
https://w3id.org/eusoilvoc#totalCarbonateEquivalentProcedure-CaCO3_acid-h2so4-dc,CaCO3_acid-h2so4-dc,,"Dissolution of carbonates by Sulfuric acid [H2SO4], external heat (dry combustion)",,total carbonate equivalent,http://w3id.org/glosis/model/procedure/totalCarbonateEquivalentProcedure-CaCO3_acid-h2so4-dc,,http://w3id.org/glosis/model/procedure/totalCarbonateEquivalentProcedure-CaCO3_acid-h2so4-dc
https://w3id.org/eusoilvoc#totalCarbonateEquivalentProcedure-CaCO3_acid-h2so4-nodc,CaCO3_acid-h2so4-nodc,,"Dissolution of carbonates by Sulfuric acid [H2SO4], no external (no dry combustion)",,total carbonate equivalent,http://w3id.org/glosis/model/procedure/totalCarbonateEquivalentProcedure-CaCO3_acid-h2so4-nodc,,http://w3id.org/glosis/model/procedure/totalCarbonateEquivalentProcedure-CaCO3_acid-h2so4-nodc
https://w3id.org/eusoilvoc#totalCarbonateEquivalentProcedure-CaCO3_acid-h2so4-unkn,CaCO3_acid-h2so4-unk,,"Dissolution of carbonates by Sulfuric acid [H2SO4], external heat unknown",,total carbonate equivalent,http://w3id.org/glosis/model/procedure/totalCarbonateEquivalentProcedure-CaCO3_acid-h2so4-unkn,,http://w3id.org/glosis/model/procedure/totalCarbonateEquivalentProcedure-CaCO3_acid-h2so4-unkn
https://w3id.org/eusoilvoc#totalCarbonateEquivalentProcedure-CaCO3_acid-h3po4-dc,CaCO3_acid-h3po4-dc,,"Dissolution of carbonates by Phosphoric acid [H3PO4], external heat (dry combustion)",,total carbonate equivalent,http://w3id.org/glosis/model/procedure/totalCarbonateEquivalentProcedure-CaCO3_acid-h3po4-dc,,http://w3id.org/glosis/model/procedure/totalCarbonateEquivalentProcedure-CaCO3_acid-h3po4-dc
https://w3id.org/eusoilvoc#totalCarbonateEquivalentProcedure-CaCO3_acid-h3po4-nodc,CaCO3_acid-h3po4-nodc,,"Dissolution of carbonates by Phosphoric acid [H3PO4], no external (no dry combustion)",,total carbonate equivalent,http://w3id.org/glosis/model/procedure/totalCarbonateEquivalentProcedure-CaCO3_acid-h3po4-nodc,,http://w3id.org/glosis/model/procedure/totalCarbonateEquivalentProcedure-CaCO3_acid-h3po4-nodc
https://w3id.org/eusoilvoc#totalCarbonateEquivalentProcedure-CaCO3_acid-h3po4-unkn,CaCO3_acid-h3po4-unk,,"Dissolution of carbonates by Phosphoric acid [H3PO4], external heat unknown",,total carbonate equivalent,http://w3id.org/glosis/model/procedure/totalCarbonateEquivalentProcedure-CaCO3_acid-h3po4-unkn,,http://w3id.org/glosis/model/procedure/totalCarbonateEquivalentProcedure-CaCO3_acid-h3po4-unkn
https://w3id.org/eusoilvoc#totalCarbonateEquivalentProcedure-CaCO3_acid-hcl-dc,CaCO3_acid-hcl-dc,,"Dissolution of carbonates by Hydrochloric acid [HCl], or Perchloric acid [HClO4], external heat (dry combustion)",,total carbonate equivalent,http://w3id.org/glosis/model/procedure/totalCarbonateEquivalentProcedure-CaCO3_acid-hcl-dc,,http://w3id.org/glosis/model/procedure/totalCarbonateEquivalentProcedure-CaCO3_acid-hcl-dc
https://w3id.org/eusoilvoc#totalCarbonateEquivalentProcedure-CaCO3_acid-hcl-nodc,CaCO3_acid-hcl-nodc,,"Dissolution of carbonates by Hydrochloric acid [HCl], or Perchloric acid [HClO4], no external (no dry combustion)",,total carbonate equivalent,http://w3id.org/glosis/model/procedure/totalCarbonateEquivalentProcedure-CaCO3_acid-hcl-nodc,,http://w3id.org/glosis/model/procedure/totalCarbonateEquivalentProcedure-CaCO3_acid-hcl-nodc
https://w3id.org/eusoilvoc#totalCarbonateEquivalentProcedure-CaCO3_acid-hcl-unkn,CaCO3_acid-hcl-unk,,"Dissolution of carbonates by Hydrochloric acid [HCl], or Perchloric acid [HClO4], external heat unknown",,total carbonate equivalent,http://w3id.org/glosis/model/procedure/totalCarbonateEquivalentProcedure-CaCO3_acid-hcl-unkn,,http://w3id.org/glosis/model/procedure/totalCarbonateEquivalentProcedure-CaCO3_acid-hcl-unkn
https://w3id.org/eusoilvoc#totalCarbonateEquivalentProcedure-CaCO3_acid-nodc,CaCO3_acid-nodc,,"Dissolution of carbonates by acid, no external (no dry combustion)",,total carbonate equivalent,http://w3id.org/glosis/model/procedure/totalCarbonateEquivalentProcedure-CaCO3_acid-nodc,,http://w3id.org/glosis/model/procedure/totalCarbonateEquivalentProcedure-CaCO3_acid-nodc
https://w3id.org/eusoilvoc#totalCarbonateEquivalentProcedure-CaCO3_acid-unkn,CaCO3_acid-unk,,"Dissolution of carbonates by acid, external heat unknown",,total carbonate equivalent,http://w3id.org/glosis/model/procedure/totalCarbonateEquivalentProcedure-CaCO3_acid-unkn,,http://w3id.org/glosis/model/procedure/totalCarbonateEquivalentProcedure-CaCO3_acid-unkn
https://w3id.org/eusoilvoc#totalCarbonateEquivalentProcedure-CaCO3_ca01,CaCO3_ca01,,Method of Scheibler (volumetric),,total carbonate equivalent,http://w3id.org/glosis/model/procedure/totalCarbonateEquivalentProcedure-CaCO3_ca01,,http://w3id.org/glosis/model/procedure/totalCarbonateEquivalentProcedure-CaCO3_ca01
https://w3id.org/eusoilvoc#totalCarbonateEquivalentProcedure-CaCO3_ca02,CaCO3_ca02,,Method of Wesemael,,total carbonate equivalent,http://w3id.org/glosis/model/procedure/totalCarbonateEquivalentProcedure-CaCO3_ca02,,http://w3id.org/glosis/model/procedure/totalCarbonateEquivalentProcedure-CaCO3_ca02
https://w3id.org/eusoilvoc#totalCarbonateEquivalentProcedure-CaCO3_ca03,CaCO3_ca03,,Method of Piper (HCl),,total carbonate equivalent,http://w3id.org/glosis/model/procedure/totalCarbonateEquivalentProcedure-CaCO3_ca03,,http://w3id.org/glosis/model/procedure/totalCarbonateEquivalentProcedure-CaCO3_ca03
https://w3id.org/eusoilvoc#totalCarbonateEquivalentProcedure-CaCO3_ca04,CaCO3_ca04,,Calcimeter method (volumetric after adition of dilute acid),,total carbonate equivalent,http://w3id.org/glosis/model/procedure/totalCarbonateEquivalentProcedure-CaCO3_ca04,,http://w3id.org/glosis/model/procedure/totalCarbonateEquivalentProcedure-CaCO3_ca04
https://w3id.org/eusoilvoc#totalCarbonateEquivalentProcedure-CaCO3_ca05,CaCO3_ca05,,"Gravimetric (USDA Agr. Hdbk 60-/- method Richards et al., 1954)",,total carbonate equivalent,http://w3id.org/glosis/model/procedure/totalCarbonateEquivalentProcedure-CaCO3_ca05,,http://w3id.org/glosis/model/procedure/totalCarbonateEquivalentProcedure-CaCO3_ca05
https://w3id.org/eusoilvoc#totalCarbonateEquivalentProcedure-CaCO3_ca06,CaCO3_ca06,,"H3PO4 acid at 80C, conductometric in NaOH (Schlichting & Blume, 1966)",,total carbonate equivalent,http://w3id.org/glosis/model/procedure/totalCarbonateEquivalentProcedure-CaCO3_ca06,,http://w3id.org/glosis/model/procedure/totalCarbonateEquivalentProcedure-CaCO3_ca06
https://w3id.org/eusoilvoc#totalCarbonateEquivalentProcedure-CaCO3_ca07,CaCO3_ca07,,"Pressure calcimeter (Nelson, 1982)",,total carbonate equivalent,http://w3id.org/glosis/model/procedure/totalCarbonateEquivalentProcedure-CaCO3_ca07,,http://w3id.org/glosis/model/procedure/totalCarbonateEquivalentProcedure-CaCO3_ca07
https://w3id.org/eusoilvoc#totalCarbonateEquivalentProcedure-CaCO3_ca08,CaCO3_ca08,,Bernard calcimeter (Total CaCO3),,total carbonate equivalent,http://w3id.org/glosis/model/procedure/totalCarbonateEquivalentProcedure-CaCO3_ca08,,http://w3id.org/glosis/model/procedure/totalCarbonateEquivalentProcedure-CaCO3_ca08
https://w3id.org/eusoilvoc#totalCarbonateEquivalentProcedure-CaCO3_ca09,CaCO3_ca09,,"Carbonates: H3PO4 treatment at 80 deg. C and CO2 measurement like TOC (OC13), transformation into CaCO3 (Schlichting et al. 1995)",,total carbonate equivalent,http://w3id.org/glosis/model/procedure/totalCarbonateEquivalentProcedure-CaCO3_ca09,,http://w3id.org/glosis/model/procedure/totalCarbonateEquivalentProcedure-CaCO3_ca09
https://w3id.org/eusoilvoc#totalCarbonateEquivalentProcedure-CaCO3_ca10,CaCO3_ca10,,"CaCO3 Equivalent, CO2 evolution after HCl treatment. Gravimetric",,total carbonate equivalent,http://w3id.org/glosis/model/procedure/totalCarbonateEquivalentProcedure-CaCO3_ca10,,http://w3id.org/glosis/model/procedure/totalCarbonateEquivalentProcedure-CaCO3_ca10
https://w3id.org/eusoilvoc#totalCarbonateEquivalentProcedure-CaCO3_ca11,CaCO3_ca11,,"Black, 1965-HCl",,total carbonate equivalent,http://w3id.org/glosis/model/procedure/totalCarbonateEquivalentProcedure-CaCO3_ca11,,http://w3id.org/glosis/model/procedure/totalCarbonateEquivalentProcedure-CaCO3_ca11
https://w3id.org/eusoilvoc#totalCarbonateEquivalentProcedure-CaCO3_ca12,CaCO3_ca12,,Treatment with H2SO4 N/2 acid followed by titration with NaOH N/2 in presence of an indicator,,total carbonate equivalent,http://w3id.org/glosis/model/procedure/totalCarbonateEquivalentProcedure-CaCO3_ca12,,http://w3id.org/glosis/model/procedure/totalCarbonateEquivalentProcedure-CaCO3_ca12
https://w3id.org/eusoilvoc#totalCarbonateEquivalentProcedure-CaCO3_calcul-tc-oc,CaCO3_calcul-tc-oc,,Indirect estimate: inorganic carbon divided by 0.12 (computed as total carbon minus organic carbon),,total carbonate equivalent,http://w3id.org/glosis/model/procedure/totalCarbonateEquivalentProcedure-CaCO3_calcul-tc-oc,,http://w3id.org/glosis/model/procedure/totalCarbonateEquivalentProcedure-CaCO3_calcul-tc-oc
https://w3id.org/eusoilvoc#Cadmium,cadmium,,,soil contaminants,,http://aims.fao.org/aos/agrovoc/c_1178 | http://opendata.inrae.fr/thesaurusINRAE/c_15828 | http://www.eionet.europa.eu/gemet/concept/1100 | https://soilwise-he.github.io/soil-health#Cadmium,,
https://w3id.org/eusoilvoc#CadmiumExtractableElements,cadmium extractable elements,cadmium extractable element,"Extractable cadmium refers to the portion of cadmium in soil that is readily soluble or bioavailable. It is measured using chemical extractants and is critical for assessing soil contamination and plant uptake risks. Source: Adriano, D.C. (2001). Trace Elements in Terrestrial Environments.",cadmium,,,http://w3id.org/glosis/model/codelists/physioChemicalPropertyCode-Cad,http://w3id.org/glosis/model/layerhorizon/CadmiumExtractableElements
https://w3id.org/eusoilvoc#CadmiumTotalElements,cadmium total elements,cadmium total element,"Total cadmium includes all forms of cadmium in soil, such as bound, mineralized, and free forms. It is used to assess long-term contamination levels. Source: Kabata-Pendias, A., & Pendias, H. (2001). Trace Elements in Soils and Plants.",cadmium,,,http://w3id.org/glosis/model/codelists/physioChemicalPropertyCode-Cad,http://w3id.org/glosis/model/layerhorizon/CadmiumTotalElements
https://w3id.org/eusoilvoc#Calcium,calcium,,,macronutrients,,http://aims.fao.org/aos/agrovoc/c_1196 | http://opendata.inrae.fr/thesaurusINRAE/c_15775 | http://www.eionet.europa.eu/gemet/concept/1111 | https://soilwise-he.github.io/soil-health#Calcium,,
https://w3id.org/eusoilvoc#CalciumExchangeableBase,calcium exchangeable base,,Calcium bound to exchange surfaces in the soil such as clay minerals and organic matter that can be released to the soil solution upon exchange,calcium,,http://w3id.org/glosis/model/codelists/physioChemicalPropertyCode-Calexc,,http://w3id.org/glosis/model/codelists/physioChemicalPropertyCode-Calexc
https://w3id.org/eusoilvoc#CalciumExtractableElements,calcium extractable elements,,Calcium bound to the soil matrix but that can be released into the soil solution (i.e. become bio-available),calcium,,http://w3id.org/glosis/model/codelists/physioChemicalPropertyCode-Calext,,http://w3id.org/glosis/model/codelists/physioChemicalPropertyCode-Calext
https://w3id.org/eusoilvoc#CalciumTotalElements,calcium total elements,,"Total calcium in soil includes all forms, from exchangeable calcium to calcium in minerals. It is essential for plant cell wall structure, enzyme activation, and soil aggregation. Calcium levels influence soil pH and nutrient availability. Source: Havlin et al. (2014).",calcium,,http://w3id.org/glosis/model/codelists/physioChemicalPropertyCode-Caltot,,http://w3id.org/glosis/model/codelists/physioChemicalPropertyCode-Caltot
https://w3id.org/eusoilvoc#CarbonPools,carbon pools,carbon pool,,soil functions,,,,
https://w3id.org/eusoilvoc#CarbonStorageCapacity,carbon storage capacity,,,soil function indicators,,https://soilwise-he.github.io/soil-health#CarbonStorageCapacity,,
https://w3id.org/eusoilvoc#Carbonate,carbonate,,,soil chemical properties,,http://opendata.inrae.fr/thesaurusINRAE/c_15671 | http://www.eionet.europa.eu/gemet/concept/1162,,
https://w3id.org/eusoilvoc#CarbonateContents,carbonate contents,carbonate content,"The Carbonate Content quantifies the concentration of carbonate minerals (e.g., CaCO₃, MgCO₃) in soil. These compounds influence soil pH, fertility, and structure, and are prevalent in calcareous soils. Source: Brady, N.C., & Weil, R.R. (2008). The Nature and Properties of Soils.",carbonate,,http://w3id.org/glosis/model/layerhorizon/carbonatesContentProperty,,http://w3id.org/glosis/model/layerhorizon/carbonatesContentProperty
https://w3id.org/eusoilvoc#CarbonateForms,carbonate forms,carbonate form,"The Carbonate Form describes the types of carbonate minerals present in soil, such as calcite, dolomite, or aragonite. These forms impact soil chemistry, fertility, and physical characteristics differently depending on their composition and solubility. Source: Sparks, D.L. (2003). Environmental Soil Chemistry.",carbonate,,http://w3id.org/glosis/model/layerhorizon/carbonatesFormsProperty,,http://w3id.org/glosis/model/layerhorizon/carbonatesFormsProperty
https://w3id.org/eusoilvoc#gypsumProcedure-CaSO4_gy01,CaSO4_gy01,,Dissolved in water and precipitated by acetone,,gypsum,http://w3id.org/glosis/model/procedure/gypsumProcedure-CaSO4_gy01,,http://w3id.org/glosis/model/procedure/gypsumProcedure-CaSO4_gy01
https://w3id.org/eusoilvoc#gypsumProcedure-CaSO4_gy02,CaSO4_gy02,,Differ. between Ca-conc. in sat. extr. and Ca-conc. in 1/50 s/w solution,,gypsum,http://w3id.org/glosis/model/procedure/gypsumProcedure-CaSO4_gy02,,http://w3id.org/glosis/model/procedure/gypsumProcedure-CaSO4_gy02
https://w3id.org/eusoilvoc#gypsumProcedure-CaSO4_gy03,CaSO4_gy03,,Calculated from conductivity of successive dilutions,,gypsum,http://w3id.org/glosis/model/procedure/gypsumProcedure-CaSO4_gy03,,http://w3id.org/glosis/model/procedure/gypsumProcedure-CaSO4_gy03
https://w3id.org/eusoilvoc#gypsumProcedure-CaSO4_gy04,CaSO4_gy04,,"In 0.1 M Na3-EDTA-/- turbidimetric (Begheijn, 1993)",,gypsum,http://w3id.org/glosis/model/procedure/gypsumProcedure-CaSO4_gy04,,http://w3id.org/glosis/model/procedure/gypsumProcedure-CaSO4_gy04
https://w3id.org/eusoilvoc#gypsumProcedure-CaSO4_gy05,CaSO4_gy05,,Gravimetric after dissolution in 0.2 N HCl (USSR-method),,gypsum,http://w3id.org/glosis/model/procedure/gypsumProcedure-CaSO4_gy05,,http://w3id.org/glosis/model/procedure/gypsumProcedure-CaSO4_gy05
https://w3id.org/eusoilvoc#gypsumProcedure-CaSO4_gy06,CaSO4_gy06,,"Total-S, using LECO furnace, minus easily soluble MgSO4 and Na2SO4",,gypsum,http://w3id.org/glosis/model/procedure/gypsumProcedure-CaSO4_gy06,,http://w3id.org/glosis/model/procedure/gypsumProcedure-CaSO4_gy06
https://w3id.org/eusoilvoc#gypsumProcedure-CaSO4_gy07,CaSO4_gy07,,"Schleiff method, electrometric",,gypsum,http://w3id.org/glosis/model/procedure/gypsumProcedure-CaSO4_gy07,,http://w3id.org/glosis/model/procedure/gypsumProcedure-CaSO4_gy07
https://w3id.org/eusoilvoc#CationExchange,cation exchange,,,ion exchange,,http://imash.leeds.ac.uk/ontologies/atu/SoilPhysics.owl#CationExchange | http://opendata.inrae.fr/thesaurusINRAE/c_3a30d01b | https://soilwise-he.github.io/soil-health#CationExchange,,
https://w3id.org/eusoilvoc#CationExchangeCapacity,cation exchange capacity,,"The Cation Exchange Capacity (CEC) measures the soil's total capacity to hold and exchange positively charged ions (cations). It is influenced by clay and organic matter content and is a critical indicator of soil fertility and nutrient retention. Source: Brady, N.C., & Weil, R.R. (2008). The Nature and Properties of Soils.",soil chemical capacity,,http://aims.fao.org/aos/agrovoc/c_24981 | http://imash.leeds.ac.uk/ontologies/atu/SoilPhysics.owl#CationExchangeCapacity | http://w3id.org/glosis/model/layerhorizon/cationExchangeCapacityProperty | https://soilwise-he.github.io/soil-health#CationExchangeCapacity,,http://w3id.org/glosis/model/layerhorizon/cationExchangeCapacityProperty
https://w3id.org/eusoilvoc#CationExchangeCapacityEffective,cation exchange capacity effective,,"The Effective Cation Exchange Capacity (ECEC) measures the ability of soil to hold and exchange cations at a given pH, often near field conditions. It provides insight into soil fertility, nutrient availability, and buffering capacity in acidic soils. Source: Soil Survey Staff (2014). Keys to Soil Taxonomy.",cation exchange capacity,,http://w3id.org/glosis/model/layerhorizon/cationExchangeCapacityEffectiveProperty,,http://w3id.org/glosis/model/layerhorizon/cationExchangeCapacityEffectiveProperty
https://w3id.org/eusoilvoc#CationExchangeCapacitySoil,cation exchange capacity soil,,"CEC measures the soil’s ability to hold and exchange positively charged ions (cations). It is a critical indicator of soil fertility, as higher CEC values imply greater capacity to retain essential nutrients like calcium, magnesium, and potassium. Clayey and organic-rich soils typically exhibit higher CEC. Source: Soil Science Society of America.",cation exchange capacity,,http://w3id.org/glosis/model/codelists/physioChemicalPropertyCode-CEC,,http://w3id.org/glosis/model/codelists/physioChemicalPropertyCode-CEC
https://w3id.org/eusoilvoc#CationSum,cation sum,cations sum,"The Cations Sum calculates the total concentration of exchangeable cations (e.g., Ca²⁺, Mg²⁺, K⁺, Na⁺) in the soil. It helps determine soil fertility and salinity and is commonly expressed in milliequivalents per 100 grams of soil. Source: Soil Science Society of America (SSSA) Glossary.",exchangeable cations,,http://w3id.org/glosis/model/layerhorizon/cationsSumProperty,,http://w3id.org/glosis/model/layerhorizon/cationsSumProperty
https://w3id.org/eusoilvoc#cationExchangeCapacitySoilProcedure-CEC_ph-unkn-cacl2,CEC_ph-unkn-cacl2,,"CEC at unknown buffer, in 0.1 M CaCl2 exchange solution",,cation exchange capacity soil,http://w3id.org/glosis/model/procedure/cationExchangeCapacitySoilProcedure-CEC_ph-unkn-cacl2,,http://w3id.org/glosis/model/procedure/cationExchangeCapacitySoilProcedure-CEC_ph-unkn-cacl2
https://w3id.org/eusoilvoc#cationExchangeCapacitySoilProcedure-CEC_ph-unkn-lioac,CEC_ph-unkn-lioac,,"CEC at unknown buffer, in 0.5 M Li-acetate exchange solution",,cation exchange capacity soil,http://w3id.org/glosis/model/procedure/cationExchangeCapacitySoilProcedure-CEC_ph-unkn-lioac,,http://w3id.org/glosis/model/procedure/cationExchangeCapacitySoilProcedure-CEC_ph-unkn-lioac
https://w3id.org/eusoilvoc#cationExchangeCapacitySoilProcedure-CEC_ph-unkn-m3,CEC_ph-unkn-m3,,"CEC at unknown buffer, in Mehlich III exchange solution",,cation exchange capacity soil,http://w3id.org/glosis/model/procedure/cationExchangeCapacitySoilProcedure-CEC_ph-unkn-m3,,http://w3id.org/glosis/model/procedure/cationExchangeCapacitySoilProcedure-CEC_ph-unkn-m3
https://w3id.org/eusoilvoc#cationExchangeCapacitySoilProcedure-CEC_ph0-ag-thioura,CEC_ph0-ag-thioura,,"CEC unbuffered at pH of the soil, in 0.01 M Ag-thioura exchange solution",,cation exchange capacity soil,http://w3id.org/glosis/model/procedure/cationExchangeCapacitySoilProcedure-CEC_ph0-ag-thioura,,http://w3id.org/glosis/model/procedure/cationExchangeCapacitySoilProcedure-CEC_ph0-ag-thioura
https://w3id.org/eusoilvoc#cationExchangeCapacitySoilProcedure-CEC_ph0-bacl2,CEC_ph0-bacl2,,"CEC unbuffered at pH o the soil, in 0.5 M BaCl2 exchange solution (0.1.1.0 M)",,cation exchange capacity soil,http://w3id.org/glosis/model/procedure/cationExchangeCapacitySoilProcedure-CEC_ph0-bacl2,,http://w3id.org/glosis/model/procedure/cationExchangeCapacitySoilProcedure-CEC_ph0-bacl2
https://w3id.org/eusoilvoc#cationExchangeCapacitySoilProcedure-CEC_ph0-cohex,CEC_ph0-cohex,,"CEC unbuffered at pH of the soil, in Cobalt(III) hexamine chloride solution 0,0166M (Cohex) [Co[NH3]6]Cl3 ), ISO 23470 (2007)  exchange solution",,cation exchange capacity soil,http://w3id.org/glosis/model/procedure/cationExchangeCapacitySoilProcedure-CEC_ph0-cohex,,http://w3id.org/glosis/model/procedure/cationExchangeCapacitySoilProcedure-CEC_ph0-cohex
https://w3id.org/eusoilvoc#cationExchangeCapacitySoilProcedure-CEC_ph0-kcl,CEC_ph0-kcl,,"CEC unbuffered at pH of the soil, in 1 M KCl exchange solution",,cation exchange capacity soil,http://w3id.org/glosis/model/procedure/cationExchangeCapacitySoilProcedure-CEC_ph0-kcl,,http://w3id.org/glosis/model/procedure/cationExchangeCapacitySoilProcedure-CEC_ph0-kcl
https://w3id.org/eusoilvoc#cationExchangeCapacitySoilProcedure-CEC_ph0-nh4cl,CEC_ph0-nh4cl,,"CEC unbuffered at pH of the soil, in 1 M NH4-chloride exchange solution (0.2-1.0 M)",,cation exchange capacity soil,http://w3id.org/glosis/model/procedure/cationExchangeCapacitySoilProcedure-CEC_ph0-nh4cl,,http://w3id.org/glosis/model/procedure/cationExchangeCapacitySoilProcedure-CEC_ph0-nh4cl
https://w3id.org/eusoilvoc#cationExchangeCapacitySoilProcedure-CEC_ph0-nh4oac,CEC_ph0-nh4oac,,"CEC unbuffered at pH of the soil, in 1 M NH4-acetate (NH4OAc) exchange solution (0.25-1.0 M)",,cation exchange capacity soil,http://w3id.org/glosis/model/procedure/cationExchangeCapacitySoilProcedure-CEC_ph0-nh4oac,,http://w3id.org/glosis/model/procedure/cationExchangeCapacitySoilProcedure-CEC_ph0-nh4oac
https://w3id.org/eusoilvoc#cationExchangeCapacitySoilProcedure-CEC_ph0-unkn,CEC_ph0-unk,,"CEC unbuffered at pH of the soil, in unknown exchange solution",,cation exchange capacity soil,http://w3id.org/glosis/model/procedure/cationExchangeCapacitySoilProcedure-CEC_ph0-unkn,,http://w3id.org/glosis/model/procedure/cationExchangeCapacitySoilProcedure-CEC_ph0-unkn
https://w3id.org/eusoilvoc#cationExchangeCapacitySoilProcedure-CEC_ph7-edta,CEC_ph7-edta,,"CEC buffered at pH 7, in 0.1 M Li-EDTA exchange solution",,cation exchange capacity soil,http://w3id.org/glosis/model/procedure/cationExchangeCapacitySoilProcedure-CEC_ph7-edta,,http://w3id.org/glosis/model/procedure/cationExchangeCapacitySoilProcedure-CEC_ph7-edta
https://w3id.org/eusoilvoc#cationExchangeCapacitySoilProcedure-CEC_ph7-nh4oac,CEC_ph7-nh4oac,,"CEC buffered at pH 7, in 1 M NH4-acetate (NH4OAc) exchange solution (0.25-1.0 M)",,cation exchange capacity soil,http://w3id.org/glosis/model/procedure/cationExchangeCapacitySoilProcedure-CEC_ph7-nh4oac,,http://w3id.org/glosis/model/procedure/cationExchangeCapacitySoilProcedure-CEC_ph7-nh4oac
https://w3id.org/eusoilvoc#cationExchangeCapacitySoilProcedure-CEC_ph7-unkn,CEC_ph7-unk,,"CEC buffered at pH 7, in unknown exchange solution",,cation exchange capacity soil,http://w3id.org/glosis/model/procedure/cationExchangeCapacitySoilProcedure-CEC_ph7-unkn,,http://w3id.org/glosis/model/procedure/cationExchangeCapacitySoilProcedure-CEC_ph7-unkn
https://w3id.org/eusoilvoc#cationExchangeCapacitySoilProcedure-CEC_ph8-bacl2tea,CEC_ph8-bacl2tea,,"CEC buffered at pH 8.0-8.5, in 0.5 M BaCl2-TEA exchange solution (0.1.1.0 M)",,cation exchange capacity soil,http://w3id.org/glosis/model/procedure/cationExchangeCapacitySoilProcedure-CEC_ph8-bacl2tea,,http://w3id.org/glosis/model/procedure/cationExchangeCapacitySoilProcedure-CEC_ph8-bacl2tea
https://w3id.org/eusoilvoc#cationExchangeCapacitySoilProcedure-CEC_ph8-baoac,CEC_ph8-baoac,,"CEC buffered at pH 8.0-8.5, in 0.5 M Ba-acetate exchange solution",,cation exchange capacity soil,http://w3id.org/glosis/model/procedure/cationExchangeCapacitySoilProcedure-CEC_ph8-baoac,,http://w3id.org/glosis/model/procedure/cationExchangeCapacitySoilProcedure-CEC_ph8-baoac
https://w3id.org/eusoilvoc#cationExchangeCapacitySoilProcedure-CEC_ph8-licl2tea,CEC_ph8-licl2tea,,"CEC buffered at pH 8.0-8.5, in 0.5 M Li-chloride - TEA exchange solution",,cation exchange capacity soil,http://w3id.org/glosis/model/procedure/cationExchangeCapacitySoilProcedure-CEC_ph8-licl2tea,,http://w3id.org/glosis/model/procedure/cationExchangeCapacitySoilProcedure-CEC_ph8-licl2tea
https://w3id.org/eusoilvoc#cationExchangeCapacitySoilProcedure-CEC_ph8-naoac,CEC_ph8-naoac,,"CEC buffered at pH 8.0-8.5, in 1 M Na-acetate exchange solution",,cation exchange capacity soil,http://w3id.org/glosis/model/procedure/cationExchangeCapacitySoilProcedure-CEC_ph8-naoac,,http://w3id.org/glosis/model/procedure/cationExchangeCapacitySoilProcedure-CEC_ph8-naoac
https://w3id.org/eusoilvoc#cationExchangeCapacitySoilProcedure-CEC_ph8-nh4oac,CEC_ph8-nh4oac,,"CEC buffered at pH 8.0-8.5, in 1 M NH4-acetate exchange solution (0.25-1.0 M)",,cation exchange capacity soil,http://w3id.org/glosis/model/procedure/cationExchangeCapacitySoilProcedure-CEC_ph8-nh4oac,,http://w3id.org/glosis/model/procedure/cationExchangeCapacitySoilProcedure-CEC_ph8-nh4oac
https://w3id.org/eusoilvoc#cationExchangeCapacitySoilProcedure-CEC_ph8-unkn,CEC_ph8-unk,,"CEC buffered at pH 8.0-8.5, in unknown exchange solution",,cation exchange capacity soil,http://w3id.org/glosis/model/procedure/cationExchangeCapacitySoilProcedure-CEC_ph8-unkn,,http://w3id.org/glosis/model/procedure/cationExchangeCapacitySoilProcedure-CEC_ph8-unkn
https://w3id.org/eusoilvoc#Cementation,cementation,,,soil physical properties,,http://aims.fao.org/aos/agrovoc/c_88254a16,,
https://w3id.org/eusoilvoc#CementationContinuity,cementation continuity,,"The Cementation Continuity describes the extent to which soil particles are bound together by cementing agents, such as calcium carbonate, iron oxides, or silica. Cementation affects soil permeability, root penetration, and the development of soil horizons. Continuity can be classified as continuous, discontinuous, or patchy. Source: FAO (2006). Guidelines for Soil Description.",cementation,,http://w3id.org/glosis/model/layerhorizon/cementationContinuityProperty,,http://w3id.org/glosis/model/layerhorizon/cementationContinuityProperty
https://w3id.org/eusoilvoc#CementationDegree,cementation degree,,"The Cementation Degree measures how strongly soil particles are bonded by cementing agents. It ranges from weakly cemented (friable) to strongly cemented (hard). This property influences soil strength and its suitability for agricultural and engineering purposes. Source: Soil Survey Manual (USDA, 2017).",cementation,,http://w3id.org/glosis/model/layerhorizon/cementationDegreeProperty,,http://w3id.org/glosis/model/layerhorizon/cementationDegreeProperty
https://w3id.org/eusoilvoc#CementationFabric,cementation fabric,,"The Cementation Fabric examines the texture, structure, and arrangement of cementing materials within the soil. It provides insights into soil formation processes and the mechanical stability of the soil matrix. Source: FAO (2006). Guidelines for Soil Description.",cementation,,http://w3id.org/glosis/model/layerhorizon/cementationFabricProperty,,http://w3id.org/glosis/model/layerhorizon/cementationFabricProperty
https://w3id.org/eusoilvoc#CementationNature,cementation nature,,"The Cementation Nature identifies the specific type of material responsible for binding soil particles, such as carbonates, silica, or iron oxides. Understanding this helps in soil classification and predicting behavior under varying environmental conditions. Source: Soil Survey Manual (USDA, 2017).",cementation,,http://w3id.org/glosis/model/layerhorizon/cementationNatureProperty,,http://w3id.org/glosis/model/layerhorizon/cementationNatureProperty
https://w3id.org/eusoilvoc#Clay,clay,,"The fine, reactive soil-particle fraction consisting of particles less than 0.002 mm in diameter.",soil primary particles,,http://aims.fao.org/aos/agrovoc/c_15619 | http://imash.leeds.ac.uk/ontologies/atu/SoilPhysics.owl#Clay | http://opendata.inrae.fr/thesaurusINRAE/c_11626 | http://www.eionet.europa.eu/gemet/concept/1449 | https://soilwise-he.github.io/soil-health#Clay,,https://doi.org/10.4324/9780203021231
https://w3id.org/eusoilvoc#ClayRatio,clay ratio,,"An index, also called the mechanical ratio, equal to the sand content divided by the combined silt and clay content.",soil structure indirect index,,http://imash.leeds.ac.uk/ontologies/atu/SoilPhysics.owl#ClayRatio,,https://doi.org/10.4324/9780203021231
https://w3id.org/eusoilvoc#Climate,climate,,,external factors | planetary phenomena,,http://aims.fao.org/aos/agrovoc/c_1665 | http://imash.leeds.ac.uk/ontologies/atu/SoilPhysics.owl#Climate | http://opendata.inrae.fr/thesaurusINRAE/c_341 | http://www.eionet.europa.eu/gemet/concept/1462 | https://soilwise-he.github.io/soil-health#Climate,,
https://w3id.org/eusoilvoc#ClimateRegulation,climate regulation,,,soil functions,,http://www.eionet.europa.eu/gemet/concept/15098 | https://soilwise-he.github.io/soil-health#ClimateRegulation,,
https://w3id.org/eusoilvoc#CoarseFragments,coarse fragments,coarse fragment,"Coarse fragments are soil particles larger than 2 mm in diameter, such as gravel, cobbles, and stones. They affect soil porosity, water infiltration, and root penetration. Source: Soil Survey Staff (2014). Keys to Soil Taxonomy.",soil particles,,http://w3id.org/glosis/model/codelists/physioChemicalPropertyCode-CoaFra,,http://w3id.org/glosis/model/codelists/physioChemicalPropertyCode-CoaFra
https://w3id.org/eusoilvoc#CoarseSand,coarse sand,,,sand,,http://aims.fao.org/aos/agrovoc/c_c03927e1 | http://imash.leeds.ac.uk/ontologies/atu/SoilPhysics.owl#CoarseSand,,
https://w3id.org/eusoilvoc#CoatingAbundance,coating abundance,,"The Coating Abundance evaluates the quantity of coatings on soil particles, such as organic matter, clay, or iron oxides. Coatings influence soil color, nutrient availability, and water movement. The abundance is typically classified as few, common, or many. Source: Soil Survey Staff (2014). Keys to Soil Taxonomy.",soil coating,,http://w3id.org/glosis/model/layerhorizon/coatingAbundanceProperty,,http://w3id.org/glosis/model/layerhorizon/coatingAbundanceProperty
https://w3id.org/eusoilvoc#CoatingContrast,coating contrast,,"The Coating Contrast assesses the visual distinction between coatings on soil particles and the underlying material. High contrast indicates significant differences in composition or color, providing clues about soil processes like illuviation or biological activity. Source: FAO (2006). Guidelines for Soil Description.",soil coating,,http://w3id.org/glosis/model/layerhorizon/coatingContrastProperty,,http://w3id.org/glosis/model/layerhorizon/coatingContrastProperty
https://w3id.org/eusoilvoc#CoatingForms,coating forms,coating form,"The Coating Form describes the shape and distribution of coatings on soil particles, such as patchy, continuous, or layered. These forms are indicative of soil genesis and chemical weathering processes. Source: Soil Science Society of America (SSSA) Glossary.",soil coating,,http://w3id.org/glosis/model/layerhorizon/coatingFormProperty,,http://w3id.org/glosis/model/layerhorizon/coatingFormProperty
https://w3id.org/eusoilvoc#CoatingLocation,coating location,,"The Coating Location identifies where coatings are found within the soil profile, such as along root channels, pore spaces, or on particle surfaces. This property helps determine the movement of water and nutrients in the soil. Source: Soil Survey Staff (2014). Keys to Soil Taxonomy.",soil coating,,http://w3id.org/glosis/model/layerhorizon/coatingLocationProperty,,http://w3id.org/glosis/model/layerhorizon/coatingLocationProperty
https://w3id.org/eusoilvoc#CoatingNature,coating nature,,"The Coating Nature examines the composition of soil coatings, such as organic, clay, or iron-rich coatings. The nature of these coatings can influence nutrient retention, soil color, and water dynamics. Source: Brady, N.C., & Weil, R.R. (2008). The Nature and Properties of Soils.",soil coating,,http://w3id.org/glosis/model/layerhorizon/coatingNatureProperty,,http://w3id.org/glosis/model/layerhorizon/coatingNatureProperty
https://w3id.org/eusoilvoc#ColloidContentMoistureEquivalentRatio,colloid content moisture equivalent ratio,,"An index of soil erodibility given by the ratio of soil colloid content to moisture equivalent. Colloid content is the combined percentage of clay and organic matter, and moisture equivalent is the soil moisture content retained under a centrifugal force of 1000 times gravity.",soil erodibility index,,http://imash.leeds.ac.uk/ontologies/atu/SoilPhysics.owl#ColloidContentMoistureEquivalentRatio,,https://doi.org/10.4324/9780203021231
https://w3id.org/eusoilvoc#ConservationTillage,conservation tillage,,Tillage that leaves a high percentage of residues from previous crops on the soil surface.,soil tillage,,http://aims.fao.org/aos/agrovoc/c_33445 | http://imash.leeds.ac.uk/ontologies/atu/SoilPhysics.owl#ConservationTillage,,https://doi.org/10.4324/9780203021231
https://w3id.org/eusoilvoc#ConservativeSolutes,conservative solutes,conservative solute,Solutes that remain physically and chemically unchanged and do not undergo irreversible reactions.,soil solutes,,http://imash.leeds.ac.uk/ontologies/atu/SoilPhysics.owl#ConservativeSolute,,https://doi.org/10.4324/9780203021231
https://w3id.org/eusoilvoc#ConsistenceDry,consistence dry,,"The Consistence Dry evaluates the soil's behavior when dry, including its resistance to deformation or crumbling. It ranges from loose to hard and provides information about soil compaction and management practices. Source: Soil Survey Manual (USDA, 2017).",soil consistence,,http://w3id.org/glosis/model/layerhorizon/consistenceDryProperty,,http://w3id.org/glosis/model/layerhorizon/consistenceDryProperty
https://w3id.org/eusoilvoc#ConsistenceMoist,consistence moist,,"The Consistence Moist assesses how soil responds to pressure when moist. Categories include friable, firm, or plastic. This property is essential for understanding soil workability and water retention. Source: Soil Survey Manual (USDA, 2017).",soil consistence,,http://w3id.org/glosis/model/layerhorizon/consistenceMoistProperty,,http://w3id.org/glosis/model/layerhorizon/consistenceMoistProperty
https://w3id.org/eusoilvoc#ControlledDrainage,controlled drainage,,A drainage system in which a control device intercepts water outflow to maintain the water table at a specified level below the soil surface.,soil drainage,,http://imash.leeds.ac.uk/ontologies/atu/SoilPhysics.owl#ControlledDrainage,,https://doi.org/10.4324/9780203021231
https://w3id.org/eusoilvoc#ConventionalDrainage,conventional drainage,,Removal of excess water from the soil profile through perforated subsurface drainage pipes or tiles that discharge by gravity into a ditch or stream.,soil drainage,,http://imash.leeds.ac.uk/ontologies/atu/SoilPhysics.owl#ConventionalDrainage,,https://doi.org/10.4324/9780203021231
https://w3id.org/eusoilvoc#Copper,copper,,,micronutrients,,http://aims.fao.org/aos/agrovoc/c_1868 | http://opendata.inrae.fr/thesaurusINRAE/c_15666 | http://www.eionet.europa.eu/gemet/concept/1792 | https://soilwise-he.github.io/soil-health#Copper,,
https://w3id.org/eusoilvoc#CopperExtractableElements,copper extractable elements,,Copper bound to the soil matrix but that can be released into the soil solution (i.e. become bio-available),copper,,http://w3id.org/glosis/model/codelists/physioChemicalPropertyCode-Copext,,http://w3id.org/glosis/model/codelists/physioChemicalPropertyCode-Copext
https://w3id.org/eusoilvoc#CopperTotalElements,copper total elements,,"Total copper comprises all soil copper, including bound and free forms. Copper is vital for plant enzyme activation and metabolic processes. Deficiencies can lead to reduced growth and yields, while excess copper may inhibit root development. Source: Soil Science Society of America.",copper,,http://w3id.org/glosis/model/codelists/physioChemicalPropertyCode-Coptot,,http://w3id.org/glosis/model/codelists/physioChemicalPropertyCode-Coptot
https://w3id.org/eusoilvoc#CriticalSoilOrganicMatterContents,critical soil organic matter contents,critical soil organic matter content,,soil structure indirect index,,http://imash.leeds.ac.uk/ontologies/atu/SoilPhysics.owl#CriticalSoilOrganicMatterContent,,
https://w3id.org/eusoilvoc#Crop,crop,,,plant cover,,http://imash.leeds.ac.uk/ontologies/atu/SoilPhysics.owl#Crop | http://opendata.inrae.fr/thesaurusINRAE/c_3369,https://soilwise-he.github.io/soil-health#Crops,
https://w3id.org/eusoilvoc#CropClass,crop class,,"Crop Class refers to the categorization of land based on the type of crops cultivated. This property is used to assess soil management practices and land productivity, as different crops require specific soil conditions for optimal growth. Source: FAO, 'Guidelines for Soil Profile Description'",soil description,,http://w3id.org/glosis/model/siteplot/cropClassProperty,,http://w3id.org/glosis/model/siteplot/cropClassProperty
https://w3id.org/eusoilvoc#CropResidueMulch,crop residue mulch,,"Crop residues placed on the soil surface as a covering to reduce evaporation, control weeds, and improve the soil environment.",mulch,,http://imash.leeds.ac.uk/ontologies/atu/SoilPhysics.owl#CropResidueMulch,,https://doi.org/10.4324/9780203021231
https://w3id.org/eusoilvoc#CropYield,crop yield,,,soil agricultural functions,,http://aims.fao.org/aos/agrovoc/c_10176 | http://imash.leeds.ac.uk/ontologies/atu/SoilPhysics.owl#CropYield | http://opendata.inrae.fr/thesaurusINRAE/c_1784,https://soilwise-he.github.io/soil-health#CropYields,
https://w3id.org/eusoilvoc#coarseFragmentsProcedure-CrsFrg_fld,CrsFrg_fld,,Particles > 2 mm observed in the field. May include concretions and very hard aggregates,,coarse fragments,http://w3id.org/glosis/model/procedure/coarseFragmentsProcedure-CrsFrg_fld,,http://w3id.org/glosis/model/procedure/coarseFragmentsProcedure-CrsFrg_fld
https://w3id.org/eusoilvoc#coarseFragmentsProcedure-CrsFrg_fldcls,CrsFrg_fldcls,,Particles > 2 mm observed in the field and calculated from class values. May include concretions and very hard aggregates,,coarse fragments,http://w3id.org/glosis/model/procedure/coarseFragmentsProcedure-CrsFrg_fldcls,,http://w3id.org/glosis/model/procedure/coarseFragmentsProcedure-CrsFrg_fldcls
https://w3id.org/eusoilvoc#coarseFragmentsProcedure-CrsFrg_lab,CrsFrg_lab,,Particles > 2 mm measured in laboratory (sieved after light pounding). May include concretions and very hard aggregates,,coarse fragments,http://w3id.org/glosis/model/procedure/coarseFragmentsProcedure-CrsFrg_lab,,http://w3id.org/glosis/model/procedure/coarseFragmentsProcedure-CrsFrg_lab
https://w3id.org/eusoilvoc#CulturalServices,cultural services,cultural service,,ecosystem services,,http://aims.fao.org/aos/agrovoc/c_f359b8d7 | https://soilwise-he.github.io/soil-health#CulturalServices,,
https://w3id.org/eusoilvoc#DegreeOfSaturation,degree of saturation,,"The volume of soil pore space containing water or another liquid divided by the total pore volume, expressed as a fraction or percentage.",soil moisture contents,,http://imash.leeds.ac.uk/ontologies/atu/SoilPhysics.owl#DegreeOfSaturation,,https://doi.org/10.4324/9780203021231
https://w3id.org/eusoilvoc#DispersionRatio,dispersion ratio,,An index measuring the clay fraction present in a dispersed rather than an aggregated condition.,soil structure indirect index,,http://imash.leeds.ac.uk/ontologies/atu/SoilPhysics.owl#DispersionRatio,,https://doi.org/10.4324/9780203021231
https://w3id.org/eusoilvoc#DrainageToGroundwater,drainage to groundwater,,"Continued downward movement of water through the soil profile after infiltration has ceased, where a shallow water table is present.",soil phenomena,,http://imash.leeds.ac.uk/ontologies/atu/SoilPhysics.owl#DrainageToGroundwater,,https://doi.org/10.4324/9780203021231
https://w3id.org/eusoilvoc#DryConsistency,dry consistency,,"The Dry Consistency is synonymous with the Consistence Dry Property, focusing on the soil's resistance to breaking apart or deforming when dry. It indicates the soil's mechanical strength and susceptibility to erosion. Source: Soil Survey Staff (2014). Keys to Soil Taxonomy.",soil consistency,,http://w3id.org/glosis/model/layerhorizon/dryConsistencyProperty,,http://w3id.org/glosis/model/layerhorizon/dryConsistencyProperty
https://w3id.org/eusoilvoc#DrySoilBulkDensity,dry soil bulk density,,"The mass of soil solids, excluding water, divided by the total volume of the soil.",soil bulk density,,http://imash.leeds.ac.uk/ontologies/atu/SoilPhysics.owl#DrySoilBulkDensity,,https://doi.org/10.4324/9780203021231
https://w3id.org/eusoilvoc#Earthworms,earthworms,earthworm,"A burrowing annelid worm that lives in the soil, important in aerating and draining the soil and in burying organic matter.",soil macrofauna,,http://aims.fao.org/aos/agrovoc/c_29109 | http://imash.leeds.ac.uk/ontologies/atu/SoilPhysics.owl#Earthworm | https://soilwise-he.github.io/soil-health#Earthworms,,http://imash.leeds.ac.uk/ontologies/atu/SoilPhysics.owl#Earthworm
https://w3id.org/eusoilvoc#electricalConductivityProcedure-EC_ratio1-1,EC_ratio1-1,,Elec. conductivity at 1:1 soil/water ratio,,soil electrical conductivity,http://w3id.org/glosis/model/procedure/electricalConductivityProcedure-EC_ratio1-1,,http://w3id.org/glosis/model/procedure/electricalConductivityProcedure-EC_ratio1-1
https://w3id.org/eusoilvoc#electricalConductivityProcedure-EC_ratio1-10,EC_ratio1-10,,Elec. conductivity at 1:10 soil/water ratio,,soil electrical conductivity,http://w3id.org/glosis/model/procedure/electricalConductivityProcedure-EC_ratio1-10,,http://w3id.org/glosis/model/procedure/electricalConductivityProcedure-EC_ratio1-10
https://w3id.org/eusoilvoc#electricalConductivityProcedure-EC_ratio1-2,EC_ratio1-2,,Elec. conductivity at 1:2 soil/water ratio,,soil electrical conductivity,http://w3id.org/glosis/model/procedure/electricalConductivityProcedure-EC_ratio1-2,,http://w3id.org/glosis/model/procedure/electricalConductivityProcedure-EC_ratio1-2
https://w3id.org/eusoilvoc#electricalConductivityProcedure-EC_ratio1-2.5,EC_ratio1-2.5,,Elec. conductivity at 1:2.5 soil/water ratio,,soil electrical conductivity,http://w3id.org/glosis/model/procedure/electricalConductivityProcedure-EC_ratio1-2.5,,http://w3id.org/glosis/model/procedure/electricalConductivityProcedure-EC_ratio1-2.5
https://w3id.org/eusoilvoc#electricalConductivityProcedure-EC_ratio1-5,EC_ratio1-5,,Elec. conductivity at 1:5 soil/water ratio,,soil electrical conductivity,http://w3id.org/glosis/model/procedure/electricalConductivityProcedure-EC_ratio1-5,,http://w3id.org/glosis/model/procedure/electricalConductivityProcedure-EC_ratio1-5
https://w3id.org/eusoilvoc#electricalConductivityProcedure-ECe_sat,ECe_sat,,Elec. conductivity in saturated paste (ECe),,soil electrical conductivity,http://w3id.org/glosis/model/procedure/electricalConductivityProcedure-ECe_sat,,http://w3id.org/glosis/model/procedure/electricalConductivityProcedure-ECe_sat
https://w3id.org/eusoilvoc#EcosystemServices,ecosystem services,ecosystem service,,,,http://aims.fao.org/aos/agrovoc/c_1348040570280 | http://www.eionet.europa.eu/gemet/concept/15138 | https://soilwise-he.github.io/soil-health#EcosystemServices,,
https://w3id.org/eusoilvoc#effectiveCecProcedure-EffCEC_calcul-b,EffCEC_calcul-b,,"Sum of exchangeable bases (Ca, Mg, K, Na) without exchangeable acidity (H+Al), see ExchBases and ExchAcids for methods",,effective CEC,http://w3id.org/glosis/model/procedure/effectiveCecProcedure-EffCEC_calcul-b,,http://w3id.org/glosis/model/procedure/effectiveCecProcedure-EffCEC_calcul-b
https://w3id.org/eusoilvoc#effectiveCecProcedure-EffCEC_calcul-ba,EffCEC_calcul-ba,,"Sum of exchangeable bases (Ca, Mg, K, Na) plus exchangeable acidity (H+Al), see ExchBases and ExchAcids for methods",,effective CEC,http://w3id.org/glosis/model/procedure/effectiveCecProcedure-EffCEC_calcul-ba,,http://w3id.org/glosis/model/procedure/effectiveCecProcedure-EffCEC_calcul-ba
https://w3id.org/eusoilvoc#EffectiveCEC,effective CEC,,"ECEC is the sum of exchangeable cations in soil at its natural pH. It provides a measure of the soil’s fertility under acidic conditions, as it considers both base cations and exchangeable aluminum. Source: Brady & Weil (2017).",cation exchange capacity,,http://w3id.org/glosis/model/codelists/physioChemicalPropertyCode-ECEC,,http://w3id.org/glosis/model/codelists/physioChemicalPropertyCode-ECEC
https://w3id.org/eusoilvoc#Emissions,emissions,emission,,external factors,,https://soilwise-he.github.io/soil-health#Emissions,,
https://w3id.org/eusoilvoc#EnvironmentalFactors,environmental factors,environmental factor,,non-soil indicators,,http://aims.fao.org/aos/agrovoc/c_2594 | https://soilwise-he.github.io/soil-health#EnvironmentalFactors,,
https://w3id.org/eusoilvoc#ErosionRatio,erosion ratio,,An index of soil erodibility calculated as the dispersion ratio divided by the ratio of colloid content to moisture equivalent.,soil erodibility index,,http://imash.leeds.ac.uk/ontologies/atu/SoilPhysics.owl#ErosionRatio,,https://doi.org/10.4324/9780203021231
https://w3id.org/eusoilvoc#Evapotranspiration,evapotranspiration,,,water interchange,,http://aims.fao.org/aos/agrovoc/c_2741 | http://imash.leeds.ac.uk/ontologies/atu/SoilPhysics.owl#Evapotranspiration | http://opendata.inrae.fr/thesaurusINRAE/c_212 | http://www.eionet.europa.eu/gemet/concept/3022 | https://soilwise-he.github.io/soil-health#Evapotranspiration,,
https://w3id.org/eusoilvoc#Evapouration,evapouration,,The conversion of water from the liquid state to the vapor state through the uptake of latent heat of vaporization.,water interchange,,http://imash.leeds.ac.uk/ontologies/atu/SoilPhysics.owl#Evaporation,,https://doi.org/10.4324/9780203021231
https://w3id.org/eusoilvoc#acidityExchangeableProcedure-ExchAcid_ph0-kcl1m,ExchAcid_ph0-kcl1m,,"Exch acidity (H+Al) unbuffered, in 1 M KCl extract",,acidity exchangeable,http://w3id.org/glosis/model/procedure/acidityExchangeableProcedure-ExchAcid_ph0-kcl1m,,http://w3id.org/glosis/model/procedure/acidityExchangeableProcedure-ExchAcid_ph0-kcl1m
https://w3id.org/eusoilvoc#acidityExchangeableProcedure-ExchAcid_ph0-nh4cl,ExchAcid_ph0-nh4cl,,"Exch acidity (H+Al) unbuffered, in 0.05-0.1 M NH4Cl extract",,acidity exchangeable,http://w3id.org/glosis/model/procedure/acidityExchangeableProcedure-ExchAcid_ph0-nh4cl,,http://w3id.org/glosis/model/procedure/acidityExchangeableProcedure-ExchAcid_ph0-nh4cl
https://w3id.org/eusoilvoc#acidityExchangeableProcedure-ExchAcid_ph0-unkn,ExchAcid_ph0-unk,,"Exch acidity (H+Al) unbuffered, in unknown extract",,acidity exchangeable,http://w3id.org/glosis/model/procedure/acidityExchangeableProcedure-ExchAcid_ph0-unkn,,http://w3id.org/glosis/model/procedure/acidityExchangeableProcedure-ExchAcid_ph0-unkn
https://w3id.org/eusoilvoc#acidityExchangeableProcedure-ExchAcid_ph7-caoac,ExchAcid_ph7-caoac,,"Exch acidity (H+Al) buffered at pH 7, in 1M Ca-acetate extract",,acidity exchangeable,http://w3id.org/glosis/model/procedure/acidityExchangeableProcedure-ExchAcid_ph7-caoac,,http://w3id.org/glosis/model/procedure/acidityExchangeableProcedure-ExchAcid_ph7-caoac
https://w3id.org/eusoilvoc#acidityExchangeableProcedure-ExchAcid_ph7-unkn,ExchAcid_ph7-unk,,"Exch acidity (H+Al) buffered at pH 7, in unknown extract",,acidity exchangeable,http://w3id.org/glosis/model/procedure/acidityExchangeableProcedure-ExchAcid_ph7-unkn,,http://w3id.org/glosis/model/procedure/acidityExchangeableProcedure-ExchAcid_ph7-unkn
https://w3id.org/eusoilvoc#acidityExchangeableProcedure-ExchAcid_ph8-bacl2tea,ExchAcid_ph8-bacl2tea,,"Exch (extractable / potential) acidity (Al) buffered at pH 8.0-8.5, in 1 M BaCl2 - TEA",,acidity exchangeable,http://w3id.org/glosis/model/procedure/acidityExchangeableProcedure-ExchAcid_ph8-bacl2tea,,http://w3id.org/glosis/model/procedure/acidityExchangeableProcedure-ExchAcid_ph8-bacl2tea
https://w3id.org/eusoilvoc#acidityExchangeableProcedure-ExchAcid_ph8-unkn,ExchAcid_ph8-unk,,"Exch (extractable / potential) acidity (Al) buffered at pH 8.0-8.5, in unknown extract",,acidity exchangeable,http://w3id.org/glosis/model/procedure/acidityExchangeableProcedure-ExchAcid_ph8-unkn,,http://w3id.org/glosis/model/procedure/acidityExchangeableProcedure-ExchAcid_ph8-unkn
https://w3id.org/eusoilvoc#ExchangeableCations,exchangeable cations,exchangeable cation,Cations associated with charged soil-mineral surfaces that can be exchanged with cations in the soil solution.,ions,,http://imash.leeds.ac.uk/ontologies/atu/SoilPhysics.owl#ExchangeableCation,,https://doi.org/10.4324/9780203021231
https://w3id.org/eusoilvoc#exchangeableBasesProcedure-ExchBases_ph-unkn-edta,ExchBases_ph-unkn-edta,,"Exch bases (Ca, Mg, K, Na) unknown buffer, in EDTA solution",,aluminium exchangeable base | calcium exchangeable base | hydrogen exchangeable bases | magnesium exchangeable bases | manganese exchangeable bases | potassium exchangeable bases | sodium exchangeable bases,http://w3id.org/glosis/model/procedure/exchangeableBasesProcedure-ExchBases_ph-unkn-edta,,http://w3id.org/glosis/model/procedure/exchangeableBasesProcedure-ExchBases_ph-unkn-edta
https://w3id.org/eusoilvoc#exchangeableBasesProcedure-ExchBases_ph-unkn-m3,ExchBases_ph-unkn-m3,,"Exch bases (Ca, Mg, K, Na) unknown buffer, in Mehlich3 solution with extractable ppm assumed exchangeable cmolc/kg",,aluminium exchangeable base | calcium exchangeable base | hydrogen exchangeable bases | magnesium exchangeable bases | manganese exchangeable bases | potassium exchangeable bases | sodium exchangeable bases,http://w3id.org/glosis/model/procedure/exchangeableBasesProcedure-ExchBases_ph-unkn-m3,,http://w3id.org/glosis/model/procedure/exchangeableBasesProcedure-ExchBases_ph-unkn-m3
https://w3id.org/eusoilvoc#exchangeableBasesProcedure-ExchBases_ph-unkn-m3-spec,ExchBases_ph-unkn-m3-spec,,"Exch bases (Ca, Mg, K, Na) spectrally measured and converted to, unknown buffer, in Mehlich3 solution with extractable ppm assumed exchangeable cmolc/kg",,aluminium exchangeable base | calcium exchangeable base | hydrogen exchangeable bases | magnesium exchangeable bases | manganese exchangeable bases | potassium exchangeable bases | sodium exchangeable bases,http://w3id.org/glosis/model/procedure/exchangeableBasesProcedure-ExchBases_ph-unkn-m3-spec,,http://w3id.org/glosis/model/procedure/exchangeableBasesProcedure-ExchBases_ph-unkn-m3-spec
https://w3id.org/eusoilvoc#exchangeableBasesProcedure-ExchBases_ph0-cohex,ExchBases_ph0-cohex,,"Exch bases (Ca, Mg, K, Na) unbuffered, in Cobalt(III) hexamine chloride solution 0,0166M (Cohex) [Co[NH3]6]Cl3 ), ISO 23470 (2007)",,aluminium exchangeable base | calcium exchangeable base | hydrogen exchangeable bases | magnesium exchangeable bases | manganese exchangeable bases | potassium exchangeable bases | sodium exchangeable bases,http://w3id.org/glosis/model/procedure/exchangeableBasesProcedure-ExchBases_ph0-cohex,,http://w3id.org/glosis/model/procedure/exchangeableBasesProcedure-ExchBases_ph0-cohex
https://w3id.org/eusoilvoc#exchangeableBasesProcedure-ExchBases_ph0-nh4cl,ExchBases_ph0-nh4cl,,"Exch bases (Ca, Mg, K, Na) unbuffered, in 1 M NH4Cl (0.05-1.0 m?)",,aluminium exchangeable base | calcium exchangeable base | hydrogen exchangeable bases | magnesium exchangeable bases | manganese exchangeable bases | potassium exchangeable bases | sodium exchangeable bases,http://w3id.org/glosis/model/procedure/exchangeableBasesProcedure-ExchBases_ph0-nh4cl,,http://w3id.org/glosis/model/procedure/exchangeableBasesProcedure-ExchBases_ph0-nh4cl
https://w3id.org/eusoilvoc#exchangeableBasesProcedure-ExchBases_ph7-nh4oac,ExchBases_ph7-nh4oac,,"Exch bases (Ca, Mg, K, Na) buffered at pH 7, in 1M NH4OAc",,aluminium exchangeable base | calcium exchangeable base | hydrogen exchangeable bases | magnesium exchangeable bases | manganese exchangeable bases | potassium exchangeable bases | sodium exchangeable bases,http://w3id.org/glosis/model/procedure/exchangeableBasesProcedure-ExchBases_ph7-nh4oac,,http://w3id.org/glosis/model/procedure/exchangeableBasesProcedure-ExchBases_ph7-nh4oac
https://w3id.org/eusoilvoc#exchangeableBasesProcedure-ExchBases_ph7-nh4oac-aas,ExchBases_ph7-nh4oac-aas,,"Exch bases (Ca, Mg, K, Na) buffered at pH 7, in 1M NH4OAc, Ca and Mg with AAS (Atomic Absorption Spectrometry)",,aluminium exchangeable base | calcium exchangeable base | hydrogen exchangeable bases | magnesium exchangeable bases | manganese exchangeable bases | potassium exchangeable bases | sodium exchangeable bases,http://w3id.org/glosis/model/procedure/exchangeableBasesProcedure-ExchBases_ph7-nh4oac-aas,,http://w3id.org/glosis/model/procedure/exchangeableBasesProcedure-ExchBases_ph7-nh4oac-aas
https://w3id.org/eusoilvoc#exchangeableBasesProcedure-ExchBases_ph7-nh4oac-fp,ExchBases_ph7-nh4oac-fp,,"Exch bases (Ca, Mg, K, Na) buffered at pH 7, in 1M NH4OAc, K and Na with FP (Flame Photometry)",,aluminium exchangeable base | calcium exchangeable base | hydrogen exchangeable bases | magnesium exchangeable bases | manganese exchangeable bases | potassium exchangeable bases | sodium exchangeable bases,http://w3id.org/glosis/model/procedure/exchangeableBasesProcedure-ExchBases_ph7-nh4oac-fp,,http://w3id.org/glosis/model/procedure/exchangeableBasesProcedure-ExchBases_ph7-nh4oac-fp
https://w3id.org/eusoilvoc#exchangeableBasesProcedure-ExchBases_ph7-unkn,ExchBases_ph7-unk,,"Exch bases (Ca, Mg, K, Na) buffered at pH 7, in unknown solution",,aluminium exchangeable base | calcium exchangeable base | hydrogen exchangeable bases | magnesium exchangeable bases | manganese exchangeable bases | potassium exchangeable bases | sodium exchangeable bases,http://w3id.org/glosis/model/procedure/exchangeableBasesProcedure-ExchBases_ph7-unkn,,http://w3id.org/glosis/model/procedure/exchangeableBasesProcedure-ExchBases_ph7-unkn
https://w3id.org/eusoilvoc#exchangeableBasesProcedure-ExchBases_ph8-bacl2tea,ExchBases_ph8-bacl2tea,,"Exch bases (Ca, Mg, K, Na) buffered at pH 8.0-8.5, in 0.5 M BaCl2 - TEA solution",,aluminium exchangeable base | calcium exchangeable base | hydrogen exchangeable bases | magnesium exchangeable bases | manganese exchangeable bases | potassium exchangeable bases | sodium exchangeable bases,http://w3id.org/glosis/model/procedure/exchangeableBasesProcedure-ExchBases_ph8-bacl2tea,,http://w3id.org/glosis/model/procedure/exchangeableBasesProcedure-ExchBases_ph8-bacl2tea
https://w3id.org/eusoilvoc#exchangeableBasesProcedure-ExchBases_ph8-unkn,ExchBases_ph8-unk,,"Exch bases (Ca, Mg, K, Na) buffered at pH 8.0-8.5, in unknown solution",,aluminium exchangeable base | calcium exchangeable base | hydrogen exchangeable bases | magnesium exchangeable bases | manganese exchangeable bases | potassium exchangeable bases | sodium exchangeable bases,http://w3id.org/glosis/model/procedure/exchangeableBasesProcedure-ExchBases_ph8-unkn,,http://w3id.org/glosis/model/procedure/exchangeableBasesProcedure-ExchBases_ph8-unkn
https://w3id.org/eusoilvoc#ExternalFactors,external factors,external factor,,non-soil indicators,,https://soilwise-he.github.io/soil-health#ExternalFactors,,
https://w3id.org/eusoilvoc#extractableElementsProcedure-Extr_ap14,Extr_ap14,,Method of Saunders and Metelerkamp (anion-exch. resin). Particularly used for available P.,,aluminium extractable elements | boron extractable elements | cadmium extractable elements | calcium extractable elements | copper extractable elements | iron extractable elements | magnesium extractable elements | manganese extractable elements | molybdenum extractable elements | phosphorus extractable elements | potassium extractable elements | sodium extractable elements | sulfur extractable elements | zinc extractable elements,http://w3id.org/glosis/model/procedure/extractableElementsProcedure-Extr_ap14,,http://w3id.org/glosis/model/procedure/extractableElementsProcedure-Extr_ap14
https://w3id.org/eusoilvoc#extractableElementsProcedure-Extr_ap15,Extr_ap15,,Method of Hunter (1975) modified after ISFEI method. Particularly used for available P.,,aluminium extractable elements | boron extractable elements | cadmium extractable elements | calcium extractable elements | copper extractable elements | iron extractable elements | magnesium extractable elements | manganese extractable elements | molybdenum extractable elements | phosphorus extractable elements | potassium extractable elements | sodium extractable elements | sulfur extractable elements | zinc extractable elements,http://w3id.org/glosis/model/procedure/extractableElementsProcedure-Extr_ap15,,http://w3id.org/glosis/model/procedure/extractableElementsProcedure-Extr_ap15
https://w3id.org/eusoilvoc#extractableElementsProcedure-Extr_ap20,Extr_ap20,,Olsen (not acid soils) resp. Bray I (acid soils). Particularly used for available P.,,aluminium extractable elements | boron extractable elements | cadmium extractable elements | calcium extractable elements | copper extractable elements | iron extractable elements | magnesium extractable elements | manganese extractable elements | molybdenum extractable elements | phosphorus extractable elements | potassium extractable elements | sodium extractable elements | sulfur extractable elements | zinc extractable elements,http://w3id.org/glosis/model/procedure/extractableElementsProcedure-Extr_ap20,,http://w3id.org/glosis/model/procedure/extractableElementsProcedure-Extr_ap20
https://w3id.org/eusoilvoc#extractableElementsProcedure-Extr_ap21,Extr_ap21,,Olsen (if pH > 7) resp. Mehlich (if pH < 7). Particularly used for available P.,,aluminium extractable elements | boron extractable elements | cadmium extractable elements | calcium extractable elements | copper extractable elements | iron extractable elements | magnesium extractable elements | manganese extractable elements | molybdenum extractable elements | phosphorus extractable elements | potassium extractable elements | sodium extractable elements | sulfur extractable elements | zinc extractable elements,http://w3id.org/glosis/model/procedure/extractableElementsProcedure-Extr_ap21,,http://w3id.org/glosis/model/procedure/extractableElementsProcedure-Extr_ap21
https://w3id.org/eusoilvoc#extractableElementsProcedure-Extr_c6h8o7-reeuwijk,Extr_c6h8o7-reeuwijk,,Complexation with citric acid (van Reeuwijk). Particularly used for available P.,,aluminium extractable elements | boron extractable elements | cadmium extractable elements | calcium extractable elements | copper extractable elements | iron extractable elements | magnesium extractable elements | manganese extractable elements | molybdenum extractable elements | phosphorus extractable elements | potassium extractable elements | sodium extractable elements | sulfur extractable elements | zinc extractable elements,http://w3id.org/glosis/model/procedure/extractableElementsProcedure-Extr_c6h8o7-reeuwijk,,http://w3id.org/glosis/model/procedure/extractableElementsProcedure-Extr_c6h8o7-reeuwijk
https://w3id.org/eusoilvoc#extractableElementsProcedure-Extr_cacl2,Extr_cacl2,,CaCl2. Particularly used for soluble P.,,aluminium extractable elements | boron extractable elements | cadmium extractable elements | calcium extractable elements | copper extractable elements | iron extractable elements | magnesium extractable elements | manganese extractable elements | molybdenum extractable elements | phosphorus extractable elements | potassium extractable elements | sodium extractable elements | sulfur extractable elements | zinc extractable elements,http://w3id.org/glosis/model/procedure/extractableElementsProcedure-Extr_cacl2,,http://w3id.org/glosis/model/procedure/extractableElementsProcedure-Extr_cacl2
https://w3id.org/eusoilvoc#extractableElementsProcedure-Extr_capo4,Extr_capo4,,Ca phosphate. Particularly used for available S.,,aluminium extractable elements | boron extractable elements | cadmium extractable elements | calcium extractable elements | copper extractable elements | iron extractable elements | magnesium extractable elements | manganese extractable elements | molybdenum extractable elements | phosphorus extractable elements | potassium extractable elements | sodium extractable elements | sulfur extractable elements | zinc extractable elements,http://w3id.org/glosis/model/procedure/extractableElementsProcedure-Extr_capo4,,http://w3id.org/glosis/model/procedure/extractableElementsProcedure-Extr_capo4
https://w3id.org/eusoilvoc#extractableElementsProcedure-Extr_dtpa,Extr_dtpa,,DiethyneleTriaminePentaAcetic acid (DTPA) method,,aluminium extractable elements | boron extractable elements | cadmium extractable elements | calcium extractable elements | copper extractable elements | iron extractable elements | magnesium extractable elements | manganese extractable elements | molybdenum extractable elements | phosphorus extractable elements | potassium extractable elements | sodium extractable elements | sulfur extractable elements | zinc extractable elements,http://w3id.org/glosis/model/procedure/extractableElementsProcedure-Extr_dtpa,,http://w3id.org/glosis/model/procedure/extractableElementsProcedure-Extr_dtpa
https://w3id.org/eusoilvoc#extractableElementsProcedure-Extr_edta,Extr_edta,,EthyleneDiamineTetraAcetic acid (EDTA) method,,aluminium extractable elements | boron extractable elements | cadmium extractable elements | calcium extractable elements | copper extractable elements | iron extractable elements | magnesium extractable elements | manganese extractable elements | molybdenum extractable elements | phosphorus extractable elements | potassium extractable elements | sodium extractable elements | sulfur extractable elements | zinc extractable elements,http://w3id.org/glosis/model/procedure/extractableElementsProcedure-Extr_edta,,http://w3id.org/glosis/model/procedure/extractableElementsProcedure-Extr_edta
https://w3id.org/eusoilvoc#extractableElementsProcedure-Extr_h2so4-truog,Extr_h2so4-truog,,Method of Truog (dilute H2SO4). Particularly used for available P.,,aluminium extractable elements | boron extractable elements | cadmium extractable elements | calcium extractable elements | copper extractable elements | iron extractable elements | magnesium extractable elements | manganese extractable elements | molybdenum extractable elements | phosphorus extractable elements | potassium extractable elements | sodium extractable elements | sulfur extractable elements | zinc extractable elements,http://w3id.org/glosis/model/procedure/extractableElementsProcedure-Extr_h2so4-truog,,http://w3id.org/glosis/model/procedure/extractableElementsProcedure-Extr_h2so4-truog
https://w3id.org/eusoilvoc#extractableElementsProcedure-Extr_hcl-h2so4-nelson,Extr_hcl-h2so4-nelso,,Method of Nelson (dilute HCl/H2SO4). Particularly used for available P.,,aluminium extractable elements | boron extractable elements | cadmium extractable elements | calcium extractable elements | copper extractable elements | iron extractable elements | magnesium extractable elements | manganese extractable elements | molybdenum extractable elements | phosphorus extractable elements | potassium extractable elements | sodium extractable elements | sulfur extractable elements | zinc extractable elements,http://w3id.org/glosis/model/procedure/extractableElementsProcedure-Extr_hcl-h2so4-nelson,,http://w3id.org/glosis/model/procedure/extractableElementsProcedure-Extr_hcl-h2so4-nelson
https://w3id.org/eusoilvoc#extractableElementsProcedure-Extr_hcl-nh4f-bray1,Extr_hcl-nh4f-bray1,,Method of Bray I  (dilute HCl/NH4F). Particularly used for available P.,,aluminium extractable elements | boron extractable elements | cadmium extractable elements | calcium extractable elements | copper extractable elements | iron extractable elements | magnesium extractable elements | manganese extractable elements | molybdenum extractable elements | phosphorus extractable elements | potassium extractable elements | sodium extractable elements | sulfur extractable elements | zinc extractable elements,http://w3id.org/glosis/model/procedure/extractableElementsProcedure-Extr_hcl-nh4f-bray1,,http://w3id.org/glosis/model/procedure/extractableElementsProcedure-Extr_hcl-nh4f-bray1
https://w3id.org/eusoilvoc#extractableElementsProcedure-Extr_hcl-nh4f-bray2,Extr_hcl-nh4f-bray2,,Method of Bray II (dilute HCl/NH4F). Particularly used for available P.,,aluminium extractable elements | boron extractable elements | cadmium extractable elements | calcium extractable elements | copper extractable elements | iron extractable elements | magnesium extractable elements | manganese extractable elements | molybdenum extractable elements | phosphorus extractable elements | potassium extractable elements | sodium extractable elements | sulfur extractable elements | zinc extractable elements,http://w3id.org/glosis/model/procedure/extractableElementsProcedure-Extr_hcl-nh4f-bray2,,http://w3id.org/glosis/model/procedure/extractableElementsProcedure-Extr_hcl-nh4f-bray2
https://w3id.org/eusoilvoc#extractableElementsProcedure-Extr_hcl-nh4f-kurtz-bray,Extr_hcl-nh4f-kurtz-bray,,Method of Kurtz-Bray I (0.025 M HCl + 0.03 M NH4F). Particularly used for available P.,,aluminium extractable elements | boron extractable elements | cadmium extractable elements | calcium extractable elements | copper extractable elements | iron extractable elements | magnesium extractable elements | manganese extractable elements | molybdenum extractable elements | phosphorus extractable elements | potassium extractable elements | sodium extractable elements | sulfur extractable elements | zinc extractable elements,http://w3id.org/glosis/model/procedure/extractableElementsProcedure-Extr_hcl-nh4f-kurtz-bray,,http://w3id.org/glosis/model/procedure/extractableElementsProcedure-Extr_hcl-nh4f-kurtz-bray
https://w3id.org/eusoilvoc#extractableElementsProcedure-Extr_hno3,Extr_hno3,,Nitric acid (HNO3) method,,aluminium extractable elements | boron extractable elements | cadmium extractable elements | calcium extractable elements | copper extractable elements | iron extractable elements | magnesium extractable elements | manganese extractable elements | molybdenum extractable elements | phosphorus extractable elements | potassium extractable elements | sodium extractable elements | sulfur extractable elements | zinc extractable elements,http://w3id.org/glosis/model/procedure/extractableElementsProcedure-Extr_hno3,,http://w3id.org/glosis/model/procedure/extractableElementsProcedure-Extr_hno3
https://w3id.org/eusoilvoc#extractableElementsProcedure-Extr_hotwater,Extr_hotwater,,Hot water. Particularly used for available B,,aluminium extractable elements | boron extractable elements | cadmium extractable elements | calcium extractable elements | copper extractable elements | iron extractable elements | magnesium extractable elements | manganese extractable elements | molybdenum extractable elements | phosphorus extractable elements | potassium extractable elements | sodium extractable elements | sulfur extractable elements | zinc extractable elements,http://w3id.org/glosis/model/procedure/extractableElementsProcedure-Extr_hotwater,,http://w3id.org/glosis/model/procedure/extractableElementsProcedure-Extr_hotwater
https://w3id.org/eusoilvoc#extractableElementsProcedure-Extr_m1,Extr_m1,,Mehlich1 method,,aluminium extractable elements | boron extractable elements | cadmium extractable elements | calcium extractable elements | copper extractable elements | iron extractable elements | magnesium extractable elements | manganese extractable elements | molybdenum extractable elements | phosphorus extractable elements | potassium extractable elements | sodium extractable elements | sulfur extractable elements | zinc extractable elements,http://w3id.org/glosis/model/procedure/extractableElementsProcedure-Extr_m1,,http://w3id.org/glosis/model/procedure/extractableElementsProcedure-Extr_m1
https://w3id.org/eusoilvoc#extractableElementsProcedure-Extr_m2,Extr_m2,,Mehlich2 method,,aluminium extractable elements | boron extractable elements | cadmium extractable elements | calcium extractable elements | copper extractable elements | iron extractable elements | magnesium extractable elements | manganese extractable elements | molybdenum extractable elements | phosphorus extractable elements | potassium extractable elements | sodium extractable elements | sulfur extractable elements | zinc extractable elements,http://w3id.org/glosis/model/procedure/extractableElementsProcedure-Extr_m2,,http://w3id.org/glosis/model/procedure/extractableElementsProcedure-Extr_m2
https://w3id.org/eusoilvoc#extractableElementsProcedure-Extr_m3,Extr_m3,,Mehlich3 method (extractant 0.2 N CH3COOH + 0.25 N NH4NO3 + 0.015 N NH4F + 0.013 N HNO3 + 0.001 M EDTA),,aluminium extractable elements | boron extractable elements | cadmium extractable elements | calcium extractable elements | copper extractable elements | iron extractable elements | magnesium extractable elements | manganese extractable elements | molybdenum extractable elements | phosphorus extractable elements | potassium extractable elements | sodium extractable elements | sulfur extractable elements | zinc extractable elements,http://w3id.org/glosis/model/procedure/extractableElementsProcedure-Extr_m3,,http://w3id.org/glosis/model/procedure/extractableElementsProcedure-Extr_m3
https://w3id.org/eusoilvoc#extractableElementsProcedure-Extr_m3-spec,Extr_m3-spec,,Spectrally measured and converted to Mehlich3 method (extractant 0.2 N CH3COOH + 0.25 N NH4NO3 + 0.015 N NH4F + 0.013 N HNO3 + 0.001 M EDTA),,aluminium extractable elements | boron extractable elements | cadmium extractable elements | calcium extractable elements | copper extractable elements | iron extractable elements | magnesium extractable elements | manganese extractable elements | molybdenum extractable elements | phosphorus extractable elements | potassium extractable elements | sodium extractable elements | sulfur extractable elements | zinc extractable elements,http://w3id.org/glosis/model/procedure/extractableElementsProcedure-Extr_m3-spec,,http://w3id.org/glosis/model/procedure/extractableElementsProcedure-Extr_m3-spec
https://w3id.org/eusoilvoc#extractableElementsProcedure-Extr_nahco3-olsen,Extr_nahco3-ols,,Method of Olsen (0.5 M Sodium Bicarbonate (NaHCO3) extraction at pH8.5). Particularly used for available P.,,aluminium extractable elements | boron extractable elements | cadmium extractable elements | calcium extractable elements | copper extractable elements | iron extractable elements | magnesium extractable elements | manganese extractable elements | molybdenum extractable elements | phosphorus extractable elements | potassium extractable elements | sodium extractable elements | sulfur extractable elements | zinc extractable elements,http://w3id.org/glosis/model/procedure/extractableElementsProcedure-Extr_nahco3-olsen,,http://w3id.org/glosis/model/procedure/extractableElementsProcedure-Extr_nahco3-olsen
https://w3id.org/eusoilvoc#extractableElementsProcedure-Extr_nahco3-olsen-dabin,Extr_nahco3-olsen-dabi,,"Method of Olsen, modified by Dabin (ORSTOM). Particularly used for available P.",,aluminium extractable elements | boron extractable elements | cadmium extractable elements | calcium extractable elements | copper extractable elements | iron extractable elements | magnesium extractable elements | manganese extractable elements | molybdenum extractable elements | phosphorus extractable elements | potassium extractable elements | sodium extractable elements | sulfur extractable elements | zinc extractable elements,http://w3id.org/glosis/model/procedure/extractableElementsProcedure-Extr_nahco3-olsen-dabin,,http://w3id.org/glosis/model/procedure/extractableElementsProcedure-Extr_nahco3-olsen-dabin
https://w3id.org/eusoilvoc#extractableElementsProcedure-Extr_naoac-morgan,Extr_naoac-morga,,Method of Morgan (Na-acetate/acetic acid). Particularly used for available P.,,aluminium extractable elements | boron extractable elements | cadmium extractable elements | calcium extractable elements | copper extractable elements | iron extractable elements | magnesium extractable elements | manganese extractable elements | molybdenum extractable elements | phosphorus extractable elements | potassium extractable elements | sodium extractable elements | sulfur extractable elements | zinc extractable elements,http://w3id.org/glosis/model/procedure/extractableElementsProcedure-Extr_naoac-morgan,,http://w3id.org/glosis/model/procedure/extractableElementsProcedure-Extr_naoac-morgan
https://w3id.org/eusoilvoc#extractableElementsProcedure-Extr_nh4-co3-2-ambic1,Extr_nh4-co3-2-ambic1,,Ambic1 method (ammonium bicarbonate) (South Africa). Particularly used for available P.,,aluminium extractable elements | boron extractable elements | cadmium extractable elements | calcium extractable elements | copper extractable elements | iron extractable elements | magnesium extractable elements | manganese extractable elements | molybdenum extractable elements | phosphorus extractable elements | potassium extractable elements | sodium extractable elements | sulfur extractable elements | zinc extractable elements,http://w3id.org/glosis/model/procedure/extractableElementsProcedure-Extr_nh4-co3-2-ambic1,,http://w3id.org/glosis/model/procedure/extractableElementsProcedure-Extr_nh4-co3-2-ambic1
https://w3id.org/eusoilvoc#extractableElementsProcedure-Extr_nh4ch3ch-oh-cooh-leuven,Extr_nh4ch3ch-oh-cooh-leuv,,NH4-lactate extraction method (KU-Leuven). Particularly used for available P.,,aluminium extractable elements | boron extractable elements | cadmium extractable elements | calcium extractable elements | copper extractable elements | iron extractable elements | magnesium extractable elements | manganese extractable elements | molybdenum extractable elements | phosphorus extractable elements | potassium extractable elements | sodium extractable elements | sulfur extractable elements | zinc extractable elements,http://w3id.org/glosis/model/procedure/extractableElementsProcedure-Extr_nh4ch3ch-oh-cooh-leuven,,http://w3id.org/glosis/model/procedure/extractableElementsProcedure-Extr_nh4ch3ch-oh-cooh-leuven
https://w3id.org/eusoilvoc#FertiliserUse,fertiliser use,,,soil management,,http://imash.leeds.ac.uk/ontologies/atu/SoilPhysics.owl#FertilizerUse,,
https://w3id.org/eusoilvoc#Filtration,filtration,,,soil engineering functions | soil environmental functions,,http://aims.fao.org/aos/agrovoc/c_2900 | http://imash.leeds.ac.uk/ontologies/atu/SoilPhysics.owl#Filtration | http://opendata.inrae.fr/thesaurusINRAE/c_10659 | http://www.eionet.europa.eu/gemet/concept/3190,,
https://w3id.org/eusoilvoc#FineSand,fine sand,,,sand,,http://aims.fao.org/aos/agrovoc/c_a91f25d6 | http://imash.leeds.ac.uk/ontologies/atu/SoilPhysics.owl#FineSand,,
https://w3id.org/eusoilvoc#FloodDuration,flood duration,,"Flood Duration refers to the length of time during which an area is inundated by floodwaters. The duration of flooding can significantly affect soil structure, nutrient availability, and plant growth, especially in flood-prone regions. Source: USGS, 'Floodplain Management'",floods,,http://w3id.org/glosis/model/siteplot/floodDurationProperty,,http://w3id.org/glosis/model/siteplot/floodDurationProperty
https://w3id.org/eusoilvoc#FloodFrequency,flood frequency,,"Flood Frequency refers to how often flooding occurs in a particular area, typically expressed in terms of recurrence intervals (e.g., once every 10 years). This property is vital for assessing flood risk, soil erosion, and the potential for soil nutrient loss due to repeated flooding events. Source: USGS, 'Floodplain Management'",floods,,http://w3id.org/glosis/model/siteplot/floodFrequencyProperty,,http://w3id.org/glosis/model/siteplot/floodFrequencyProperty
https://w3id.org/eusoilvoc#Floods,floods,flood,,inundation,,http://imash.leeds.ac.uk/ontologies/atu/SoilPhysics.owl#Flood | https://soilwise-he.github.io/soil-health#Floods,,
https://w3id.org/eusoilvoc#FluxControlledWaterInfiltration,flux controlled water infiltration,,Water infiltration in which the water-supply rate determines the infiltration rate because water is applied more slowly than the soil's instantaneous infiltration rate.,soil water infiltration,,http://imash.leeds.ac.uk/ontologies/atu/SoilPhysics.owl#FluxControlledWaterInfiltration,,https://doi.org/10.4324/9780203021231
https://w3id.org/eusoilvoc#Fog,fog,,,precipitation,,http://aims.fao.org/aos/agrovoc/c_3007 | http://imash.leeds.ac.uk/ontologies/atu/SoilPhysics.owl#Fog | http://www.eionet.europa.eu/gemet/concept/3347,,
https://w3id.org/eusoilvoc#FoodProduction,food production,,,soil functions,,http://aims.fao.org/aos/agrovoc/c_3025 | http://opendata.inrae.fr/thesaurusINRAE/c_2879 | https://soilwise-he.github.io/soil-health#FoodProduction,,
https://w3id.org/eusoilvoc#FoundationStability,foundation stability,,,soil engineering functions,,http://imash.leeds.ac.uk/ontologies/atu/SoilPhysics.owl#FoundationStability,,
https://w3id.org/eusoilvoc#FoundationStrength,foundation strength,,,soil engineering functions,,http://imash.leeds.ac.uk/ontologies/atu/SoilPhysics.owl#FoundationStrength,,
https://w3id.org/eusoilvoc#FragmentClass,fragment class,,"The Fragments Class categorizes the size, shape, and quantity of coarse fragments (e.g., gravel, stones) present in the soil. These fragments affect soil porosity, water retention, and root penetration. The classification includes gravelly, stony, or bouldery soils. Source: Soil Survey Manual (USDA, 2017).",soil description,,http://w3id.org/glosis/model/layerhorizon/fragmentsClassProperty,,http://w3id.org/glosis/model/layerhorizon/fragmentsClassProperty
https://w3id.org/eusoilvoc#FragmentCover,fragment cover,,"The Fragment Cover describes the proportion of the soil surface covered by coarse fragments such as rocks, stones, or other large particles. This property is important because a high fragment cover can reduce soil erosion but may also interfere with water infiltration and root growth. Fragment cover is often used as an indicator of soil stability and erosion potential. Source: FAO (2006). Guidelines for Soil Description (4th ed.). Food and Agriculture Organization of the United Nations.",fragments,,http://w3id.org/glosis/model/common/fragmentCoverProperty,,http://w3id.org/glosis/model/common/fragmentCoverProperty
https://w3id.org/eusoilvoc#FragmentSize,fragment size,,"The Fragment Size refers to the dimensions of rock or mineral fragments present in the soil. These fragments are categorized based on their size, ranging from small gravel particles to larger stones and boulders. Larger fragments tend to reduce soil fertility, inhibit root growth, and decrease water retention. Smaller fragments, in contrast, contribute to soil texture and permeability. Source: Soil Science Society of America. (2008). Soil Science Glossary. Soil Science Society of America.",fragments,,http://w3id.org/glosis/model/common/fragmentsSizeProperty,,http://w3id.org/glosis/model/common/fragmentsSizeProperty
https://w3id.org/eusoilvoc#Fragments,fragments,fragment,,soil physical properties,,,,
https://w3id.org/eusoilvoc#FriableConsistence,friable consistence,,The condition of a soil that easily crumbles into granules or crumbs.,soil consistence,,http://imash.leeds.ac.uk/ontologies/atu/SoilPhysics.owl#FriableConsistence,,https://doi.org/10.4324/9780203021231
https://w3id.org/eusoilvoc#organicMatterProcedure-FulAcidC_unkn,FulAcidC_unk,,Fulvic acid carbon_unknown method,,soil organic matter,http://w3id.org/glosis/model/procedure/organicMatterProcedure-FulAcidC_unkn,,http://w3id.org/glosis/model/procedure/organicMatterProcedure-FulAcidC_unkn
https://w3id.org/eusoilvoc#GaseousCompositionOfSoilAir,gaseous composition of soil air,,"The mixture of gases constituting soil air, including major gases such as nitrogen and oxygen and trace gases such as carbon dioxide, methane, and nitrous oxide; its composition varies over time and space.",soil air physical properties | soil contents,,http://imash.leeds.ac.uk/ontologies/atu/SoilPhysics.owl#GaseousCompositionOfSoilAir,,https://doi.org/10.4324/9780203021231
https://w3id.org/eusoilvoc#Geology,geology,,"Geology refers to the underlying geological composition of an area, including rock types, mineral content, and geological processes. The geology of a region influences soil formation, structure, fertility, and drainage properties. Source: AGI, 'Encyclopedia of Geology'",,,http://aims.fao.org/aos/agrovoc/c_3232 | http://opendata.inrae.fr/thesaurusINRAE/c_11203 | http://w3id.org/glosis/model/siteplot/geologyProperty | http://www.eionet.europa.eu/gemet/concept/3650,,http://w3id.org/glosis/model/siteplot/geologyProperty
https://w3id.org/eusoilvoc#GeometricMeanDiametre,geometric mean diametre,,"An aggregate-size index calculated as GMD = exp[sum(wi log xi) / sum(wi)], where xi is the mean diameter of a size class and wi is the aggregate mass in that class.",soil aggregation index,,http://imash.leeds.ac.uk/ontologies/atu/SoilPhysics.owl#GeometricMeanDiameter,,https://doi.org/10.4324/9780203021231
https://w3id.org/eusoilvoc#Grasses,grasses,grass,,vegetation,,http://aims.fao.org/aos/agrovoc/c_3362 | http://imash.leeds.ac.uk/ontologies/atu/SoilPhysics.owl#Grass,,
https://w3id.org/eusoilvoc#GroundCover,ground cover,,,land cover,,http://imash.leeds.ac.uk/ontologies/atu/SoilPhysics.owl#GroundCover | http://opendata.inrae.fr/thesaurusINRAE/c_3684,http://opendata.inrae.fr/thesaurusINRAE/c_3326,
https://w3id.org/eusoilvoc#GroundwaterDepth,groundwater depth,,"Groundwater Depth indicates the depth from the soil surface to the water table, which affects soil moisture levels, plant growth, and root penetration. Shallow groundwater can influence soil salinity and nutrient availability, while deep groundwater may limit water access for plants. Source: USDA NRCS, 'Groundwater and Soil'",soil water physical properties,,http://w3id.org/glosis/model/siteplot/groundwaterDepthProperty,,http://w3id.org/glosis/model/siteplot/groundwaterDepthProperty
https://w3id.org/eusoilvoc#GroundwaterReproduction,groundwater reproduction,,,soil function indicators,,https://soilwise-he.github.io/soil-health#GroundwaterReproduction,,
https://w3id.org/eusoilvoc#Gypsum,gypsum,,"The gypsum content, expressed as weight, refers to the soil’s calcium sulfate levels. Gypsum improves soil structure, alleviates sodicity, and enhances water infiltration. It is commonly applied to saline-sodic soils for reclamation. Source: FAO Soil Bulletin.",soil physical properties,,http://aims.fao.org/aos/agrovoc/c_3453 | http://w3id.org/glosis/model/codelists/physioChemicalPropertyCode-Gyp | http://www.eionet.europa.eu/gemet/concept/3806,,http://w3id.org/glosis/model/codelists/physioChemicalPropertyCode-Gyp
https://w3id.org/eusoilvoc#GypsumContents,gypsum contents,gypsum content,"The Gypsum Content quantifies the amount of gypsum (calcium sulfate dihydrate) present in the soil. Gypsum affects soil structure, water infiltration, and nutrient availability, especially in arid and semi-arid regions. Source: FAO (2006). Guidelines for Soil Description.",gypsum,,http://w3id.org/glosis/model/layerhorizon/gypsumContentProperty,,http://w3id.org/glosis/model/layerhorizon/gypsumContentProperty
https://w3id.org/eusoilvoc#GypsumForms,gypsum forms,gypsum form,"The Gypsum Forms describes the morphology of gypsum within the soil, such as crystals, veins, or nodules. The form indicates the processes of soil formation and water movement in gypsum-rich soils. Source: FAO (2006). Guidelines for Soil Description.",gypsum,,http://w3id.org/glosis/model/layerhorizon/gypsumFormsProperty,,http://w3id.org/glosis/model/layerhorizon/gypsumFormsProperty
https://w3id.org/eusoilvoc#GypsumWeight,gypsum weight,,"The Gypsum Weight measures the mass of gypsum in the soil profile. This value helps evaluate the potential for soil salinity issues and influences decisions for agricultural or land reclamation practices. Source: Brady, N.C., & Weil, R.R. (2008). The Nature and Properties of Soils.",gypsum,,http://w3id.org/glosis/model/layerhorizon/gypsumWeightProperty,,http://w3id.org/glosis/model/layerhorizon/gypsumWeightProperty
https://w3id.org/eusoilvoc#HabitatProvisionCapacity,habitat provision capacity,,,soil function indicators,,https://soilwise-he.github.io/soil-health#HabitatProvisionCapacity,,
https://w3id.org/eusoilvoc#Habitats,habitats,habitat,,soil functions,,http://aims.fao.org/aos/agrovoc/c_3456,,
https://w3id.org/eusoilvoc#Hail,hail,,,precipitation,,http://aims.fao.org/aos/agrovoc/c_3469 | http://imash.leeds.ac.uk/ontologies/atu/SoilPhysics.owl#Hail | http://opendata.inrae.fr/thesaurusINRAE/c_11412 | http://www.eionet.europa.eu/gemet/concept/3812,,
https://w3id.org/eusoilvoc#HarshConsistence,harsh consistence,,"The hard, highly cohesive consistence of dry soil that feels harsh to the touch.",soil consistence,,http://imash.leeds.ac.uk/ontologies/atu/SoilPhysics.owl#HarshConsistence,,https://doi.org/10.4324/9780203021231
https://w3id.org/eusoilvoc#organicMatterProcedure-HumAcidC_unkn,HumAcidC_unk,,Humic acid carbon_unknown method,,soil organic matter,http://w3id.org/glosis/model/procedure/organicMatterProcedure-HumAcidC_unkn,,http://w3id.org/glosis/model/procedure/organicMatterProcedure-HumAcidC_unkn
https://w3id.org/eusoilvoc#HumanInfluenceClass,human influence class,,"Human Influence Class classifies the extent of human impact on a landscape or ecosystem, ranging from minimal disturbance to high levels of modification. This classification helps in understanding the effects of urbanization, agriculture, or industrial activity on soil properties and ecosystem functions. Source: FAO, 'Land Degradation Assessment in Drylands'",soil description,,http://w3id.org/glosis/model/siteplot/humanInfluenceClassProperty,,http://w3id.org/glosis/model/siteplot/humanInfluenceClassProperty
https://w3id.org/eusoilvoc#HydrogenExchangeableBases,hydrogen exchangeable bases,hydrogen exchangeable base,Hydrogen ions bound to exchange surfaces in the soil such as clay minerals and organic matter that can be released to the soil solution upon exchange,soil chemical properties,,http://w3id.org/glosis/model/codelists/physioChemicalPropertyCode-Hydexc,,http://w3id.org/glosis/model/codelists/physioChemicalPropertyCode-Hydexc
https://w3id.org/eusoilvoc#IndexBasedOnTextureAndCementingAgents,index based on texture and cementing agents,index based on texture and cementing agent,"An instability index for tropical soils calculated as I_s = (A + L_F)_max / (A_g/3 − 0.9S_G). The numerator is the maximum dispersed fraction obtained from an air-dried sample and samples immersed in alcohol or benzene; A_g is the aggregate content obtained after shaking and wet sieving the three treated samples, and S_G is the coarse mineral sand content.",soil structure indirect index,,http://imash.leeds.ac.uk/ontologies/atu/SoilPhysics.owl#IndexBasedOnTextureAndCementingAgents,,https://doi.org/10.4324/9780203021231
https://w3id.org/eusoilvoc#IndexOfCrusting,index of crusting,,"An index based on soil texture and organic matter, calculated as Ic = (1.5 Sf + 0.75 Sc) / (Cl + 10 SOM), where Sf, Sc, Cl, and SOM are the percentages of fine silt, coarse silt, clay, and soil organic matter, respectively.",soil structure indirect index,,http://imash.leeds.ac.uk/ontologies/atu/SoilPhysics.owl#IndexOfCrusting,,https://doi.org/10.4324/9780203021231
https://w3id.org/eusoilvoc#IndexOfErodibility,index of erodibility,,"An index of soil erodibility defined as Ie = 1/(Ir × k), where Ir is the index of resistance and k is permeability.",soil erodibility index,,http://imash.leeds.ac.uk/ontologies/atu/SoilPhysics.owl#IndexOfErodibility,,https://doi.org/10.4324/9780203021231
https://w3id.org/eusoilvoc#IndexOfResistance,index of resistance,,An index of resistance to water erosion calculated as soil bulk density multiplied by the range of particle sizes and divided by soil moisture content.,soil structure indirect index,,http://imash.leeds.ac.uk/ontologies/atu/SoilPhysics.owl#IndexOfResistance,,https://doi.org/10.4324/9780203021231
https://w3id.org/eusoilvoc#IndexOfStructuralStability,index of structural stability,,"An index of soil structural stability based on the rate of change in the concentration of stabilizing material, such as humic fractions or organo-mineral complexes.",soil structure indirect index,,http://imash.leeds.ac.uk/ontologies/atu/SoilPhysics.owl#IndexOfStructuralStability,,https://doi.org/10.4324/9780203021231
https://w3id.org/eusoilvoc#carbonInorganicProcedure-InOrgC_calcul-caco3,InOrgC_calcul-caco3,,"Indirect estimate from total carbonate equivalent, with a factor of 0.12 (molar weights: CaCO3 100g/mol, C 12g/mol)",,soil inorganic carbon,http://w3id.org/glosis/model/procedure/carbonInorganicProcedure-InOrgC_calcul-caco3,,http://w3id.org/glosis/model/procedure/carbonInorganicProcedure-InOrgC_calcul-caco3
https://w3id.org/eusoilvoc#carbonInorganicProcedure-InOrgC_calcul-tc-oc,InOrgC_calcul-tc-oc,,Indirect estimate (total carbon minus organic carbon = inorganic carbon),,soil inorganic carbon,http://w3id.org/glosis/model/procedure/carbonInorganicProcedure-InOrgC_calcul-tc-oc,,http://w3id.org/glosis/model/procedure/carbonInorganicProcedure-InOrgC_calcul-tc-oc
https://w3id.org/eusoilvoc#Inputs,inputs,input,,external factors,,http://aims.fao.org/aos/agrovoc/c_11788 | https://soilwise-he.github.io/soil-health#Inputs,,
https://w3id.org/eusoilvoc#InterAggregatePorosity,inter aggregate porosity,,,soil porosity,,http://imash.leeds.ac.uk/ontologies/atu/SoilPhysics.owl#InterAggregatePorosity,,
https://w3id.org/eusoilvoc#InteraggregatePores,interaggregate pores,interaggregate pore,A pore between soil aggregates that results from the arrangement of structural elements and the characteristics of the aggregates; also called a structural pore.,soil pores,,http://imash.leeds.ac.uk/ontologies/atu/SoilPhysics.owl#InteraggregatePore,,https://doi.org/10.4324/9780203021231
https://w3id.org/eusoilvoc#Interflow,interflow,,,water interchange,,http://imash.leeds.ac.uk/ontologies/atu/SoilPhysics.owl#Interflow,,
https://w3id.org/eusoilvoc#InterlatticeSwelling,interlattice swelling,,,soil swelling,,http://imash.leeds.ac.uk/ontologies/atu/SoilPhysics.owl#InterlatticeSwelling,,
https://w3id.org/eusoilvoc#InterparticleSwelling,interparticle swelling,,,soil swelling,,http://imash.leeds.ac.uk/ontologies/atu/SoilPhysics.owl#InterparticleSwelling,,
https://w3id.org/eusoilvoc#InterstructuralPores,interstructural pores,interstructural pore,"A soil pore delimited by structural units, generally forming a planar crevice between those units.",soil pores,,http://imash.leeds.ac.uk/ontologies/atu/SoilPhysics.owl#InterstructuralPore,,https://doi.org/10.4324/9780203021231
https://w3id.org/eusoilvoc#IntraAggregatePorosity,intra aggregate porosity,,,soil porosity,,http://imash.leeds.ac.uk/ontologies/atu/SoilPhysics.owl#IntraAggregatePorosity,,
https://w3id.org/eusoilvoc#IntraaggregatePores,intraaggregate pores,intraaggregate pore,A pore within a soil aggregate whose characteristics are determined by soil texture and the packing of elementary particles; also called a textural pore.,soil pores,,http://imash.leeds.ac.uk/ontologies/atu/SoilPhysics.owl#IntraaggregatePore,,https://doi.org/10.4324/9780203021231
https://w3id.org/eusoilvoc#IntrinsicChargeDensity,intrinsic charge density,,"The total charge on mineral surfaces arising from structural properties, including isomorphic substitution and other alterations; also called permanent charge.",soil charge density,,http://imash.leeds.ac.uk/ontologies/atu/SoilPhysics.owl#IntrinsicChargeDensity,,https://doi.org/10.4324/9780203021231
https://w3id.org/eusoilvoc#Inundation,inundation,,,planetary phenomena,,http://imash.leeds.ac.uk/ontologies/atu/SoilPhysics.owl#Inundation,http://aims.fao.org/aos/agrovoc/c_2980,
https://w3id.org/eusoilvoc#IonExchange,ion exchange,,Exchange of ions associated with charged soil-mineral surfaces with ions in the soil solution.,soil chemical processes,,http://aims.fao.org/aos/agrovoc/c_3933 | http://imash.leeds.ac.uk/ontologies/atu/SoilPhysics.owl#IonExchange | http://opendata.inrae.fr/thesaurusINRAE/c_13127 | http://www.eionet.europa.eu/gemet/concept/4485,,https://doi.org/10.4324/9780203021231
https://w3id.org/eusoilvoc#Ions,ions,ion,,soil chemical,,http://aims.fao.org/aos/agrovoc/c_16162 | http://imash.leeds.ac.uk/ontologies/atu/SoilPhysics.owl#Ion,,
https://w3id.org/eusoilvoc#Iron,iron,,,micronutrients,,http://aims.fao.org/aos/agrovoc/c_3950 | http://opendata.inrae.fr/thesaurusINRAE/c_15808 | http://www.eionet.europa.eu/gemet/concept/4498 | https://soilwise-he.github.io/soil-health#Iron,,
https://w3id.org/eusoilvoc#IronExtractableElements,iron extractable elements,,Iron bound to the soil matrix but that can be released into the soil solution (i.e. become bio-available),iron,,http://w3id.org/glosis/model/codelists/physioChemicalPropertyCode-Iroext,,http://w3id.org/glosis/model/codelists/physioChemicalPropertyCode-Iroext
https://w3id.org/eusoilvoc#IronTotalElements,iron total elements,,"Total iron includes all iron forms in the soil, from soluble ferrous iron (Fe²⁺) to insoluble ferric iron (Fe³⁺). Iron is essential for plant chlorophyll synthesis and various enzymatic reactions. Deficiency, often seen in alkaline soils, results in chlorosis, while excessive iron can cause toxicity in acidic soils. Source: Soil Chemistry by Bohn et al.",iron,,http://w3id.org/glosis/model/codelists/physioChemicalPropertyCode-Irotot,,http://w3id.org/glosis/model/codelists/physioChemicalPropertyCode-Irotot
https://w3id.org/eusoilvoc#Irrigation,irrigation,,,soil management,,http://aims.fao.org/aos/agrovoc/c_3954 | http://imash.leeds.ac.uk/ontologies/atu/SoilPhysics.owl#Irrigation | http://opendata.inrae.fr/thesaurusINRAE/c_3899 | http://www.eionet.europa.eu/gemet/concept/4505,,
https://w3id.org/eusoilvoc#KoeppenClass,koeppen class,,"Koeppen Class refers to the classification of climate zones based on temperature and precipitation patterns, as defined by the Köppen climate classification system. This classification directly influences soil temperature, moisture content, and vegetation types, which in turn affect soil formation and properties. Source: Köppen, W., 'Geiger's Climate Maps'",soil description,,http://w3id.org/glosis/model/siteplot/koeppenClassProperty,,http://w3id.org/glosis/model/siteplot/koeppenClassProperty
https://w3id.org/eusoilvoc#hydraulicConductivityProcedure-Ksat_bhole,Ksat_bhol,,Saturated hydraulic conductivity. Bore hole method,,soil hydraulic conductivity,http://w3id.org/glosis/model/procedure/hydraulicConductivityProcedure-Ksat_bhole,,http://w3id.org/glosis/model/procedure/hydraulicConductivityProcedure-Ksat_bhole
https://w3id.org/eusoilvoc#hydraulicConductivityProcedure-KSat_calcul-ptf,KSat_calcul-ptf,,Saturated hydraulic conductivity.,,soil hydraulic conductivity,http://w3id.org/glosis/model/procedure/hydraulicConductivityProcedure-KSat_calcul-ptf,,http://w3id.org/glosis/model/procedure/hydraulicConductivityProcedure-KSat_calcul-ptf
https://w3id.org/eusoilvoc#hydraulicConductivityProcedure-KSat_calcul-ptf-genuchten,KSat_calcul-ptf-genucht,,Saturated and not saturated hydraulic conductivity.,,soil hydraulic conductivity,http://w3id.org/glosis/model/procedure/hydraulicConductivityProcedure-KSat_calcul-ptf-genuchten,,http://w3id.org/glosis/model/procedure/hydraulicConductivityProcedure-KSat_calcul-ptf-genuchten
https://w3id.org/eusoilvoc#hydraulicConductivityProcedure-KSat_calcul-ptf-saxton,KSat_calcul-ptf-saxto,,Saturated hydraulic conductivity.,,soil hydraulic conductivity,http://w3id.org/glosis/model/procedure/hydraulicConductivityProcedure-KSat_calcul-ptf-saxton,,http://w3id.org/glosis/model/procedure/hydraulicConductivityProcedure-KSat_calcul-ptf-saxton
https://w3id.org/eusoilvoc#hydraulicConductivityProcedure-Ksat_column,Ksat_colum,,Saturated hydraulic conductivity. Permeability in cm/hr determined in column filled with fine earth fraction,,soil hydraulic conductivity,http://w3id.org/glosis/model/procedure/hydraulicConductivityProcedure-Ksat_column,,http://w3id.org/glosis/model/procedure/hydraulicConductivityProcedure-Ksat_column
https://w3id.org/eusoilvoc#hydraulicConductivityProcedure-Ksat_dblring,Ksat_dblring,,Saturated hydraulic conductivity. Double ring method,,soil hydraulic conductivity,http://w3id.org/glosis/model/procedure/hydraulicConductivityProcedure-Ksat_dblring,,http://w3id.org/glosis/model/procedure/hydraulicConductivityProcedure-Ksat_dblring
https://w3id.org/eusoilvoc#hydraulicConductivityProcedure-Ksat_invbhole,Ksat_invbhol,,Saturated hydraulic conductivity. Inverse bore hole method,,soil hydraulic conductivity,http://w3id.org/glosis/model/procedure/hydraulicConductivityProcedure-Ksat_invbhole,,http://w3id.org/glosis/model/procedure/hydraulicConductivityProcedure-Ksat_invbhole
https://w3id.org/eusoilvoc#LabileSolutes,labile solutes,labile solute,"A solute that can undergo reversible or irreversible physicochemical, biochemical, or microbial reactions and can change its physical or chemical phase over time.",nonconservative solutes,,http://imash.leeds.ac.uk/ontologies/atu/SoilPhysics.owl#LabileSolute,,https://doi.org/10.4324/9780203021231
https://w3id.org/eusoilvoc#LandCover,land cover,,,,,http://aims.fao.org/aos/agrovoc/c_37897 | http://imash.leeds.ac.uk/ontologies/atu/SoilPhysics.owl#LandCover | http://opendata.inrae.fr/thesaurusINRAE/c_0617cfcc | http://www.eionet.europa.eu/gemet/concept/4612,,
https://w3id.org/eusoilvoc#LandUse,land use,,"Land use corresponds to the socio-economic description (functional dimension) of areas: areas used for residential, industrial or commercial purposes, for farming or forestry, for recreational or conservation purposes, etc. Links with land cover are possible; it may be possible to infer land use from land cover and conversely. But situations are often complicated and the link is not so evident. Contrary to land cover, land use is difficult to 'observe'. For example, it is often difficult to decide if grasslands are used or not for agricultural purposes. Distinctions between land use and land cover and their definition have impacts on the development of classification systems, data collection and information systems in general. | The total of arrangements, activities, and inputs that people undertake in a certain land cover type (FAO, 1997a; FAO/UNEP, 1999).",external factors,,http://aims.fao.org/aos/agrovoc/c_4182 | http://imash.leeds.ac.uk/ontologies/atu/SoilPhysics.owl#LandUse | http://opendata.inrae.fr/thesaurusINRAE/c_22741 | http://www.eionet.europa.eu/gemet/concept/4678,https://soilwise-he.github.io/soil-health#LandUses,https://www.eea.europa.eu/help/glossary/eea-glossary/land-use | https://archive.ipcc.ch/ipccreports/sres/land_use/index.php?idp=45
https://w3id.org/eusoilvoc#LandUseBareCover,land use bare cover,,"Bare Cover Abundance refers to the extent of land area without vegetation or artificial cover, such as bare soil or rocky surfaces. High proportions of bare cover increase the risk of soil erosion and desertification, particularly in areas with poor vegetation or human disturbance. Source: FAO, 'Land Use and Land Cover Classification'",land use,,http://w3id.org/glosis/model/siteplot/bareCoverAbundanceProperty,,http://w3id.org/glosis/model/siteplot/bareCoverAbundanceProperty
https://w3id.org/eusoilvoc#LandUseClass,land use class,,"Land Use Class refers to the classification of land based on its primary use, such as agricultural, industrial, urban, or natural areas. This property helps assess the impact of land management practices on soil quality, including erosion risks, compaction, and fertility, and is critical for sustainable land-use planning. Source: FAO, 'Land Use and Land Cover Classification'",soil description,,http://w3id.org/glosis/model/siteplot/landUseClassProperty,,http://w3id.org/glosis/model/siteplot/landUseClassProperty
https://w3id.org/eusoilvoc#LandUseForests,land use forests,land use forest,"Forest Abundance refers to the proportion or extent of land covered by forest vegetation in a given area. It is often quantified as the percentage of land area dominated by tree species, reflecting the ecological importance of forests in influencing soil fertility, moisture retention, and biodiversity. Forested areas typically contribute to soil formation and stabilization through leaf litter and root systems that reduce erosion. Source: FAO, 'Forest Resources Assessment'",land use,,http://w3id.org/glosis/model/siteplot/forestAbundanceProperty,,http://w3id.org/glosis/model/siteplot/forestAbundanceProperty
https://w3id.org/eusoilvoc#LandUseGrasses,land use grasses,land use grass,"Grass Abundance indicates the extent or percentage of land covered by grasses or herbaceous plants. This property is important for understanding land productivity, grazing capacity, and soil health, as grasses play a key role in preventing soil erosion, enhancing organic matter content, and maintaining soil structure. Source: FAO, 'Grassland Ecosystems and Management'",land use,,http://w3id.org/glosis/model/siteplot/grassAbundanceProperty,,http://w3id.org/glosis/model/siteplot/grassAbundanceProperty
https://w3id.org/eusoilvoc#LandUseShrubs,land use shrubs,land use shrub,"Shrubs Abundance refers to the extent or abundance of shrub vegetation in a given area. Shrubs influence soil structure by reducing erosion, improving soil organic matter through leaf litter, and enhancing nutrient cycling. They are also indicators of ecosystem health in many terrestrial environments. Source: FAO, 'Vegetation and Land Use in Arid Zones'",land use,,http://w3id.org/glosis/model/siteplot/shrubsAbundanceProperty,,http://w3id.org/glosis/model/siteplot/shrubsAbundanceProperty
https://w3id.org/eusoilvoc#LandformComplex,landform complex,,"Landform Complex describes a region with multiple interrelated landforms such as ridges, valleys, and hills. This property is essential for understanding how diverse landforms within a landscape influence soil distribution, water flow, and erosion patterns, ultimately affecting soil management strategies. Source: FAO, 'Soil Formation and Classification'",physiography,,http://w3id.org/glosis/model/siteplot/landformComplexProperty,,http://w3id.org/glosis/model/siteplot/landformComplexProperty
https://w3id.org/eusoilvoc#LeastLimitingWaterRange,least limiting water range,,The range of soil moisture content within which plant growth is least limited by soil strength or poor aeration.,soil moisture contents | soil water retention index,,http://imash.leeds.ac.uk/ontologies/atu/SoilPhysics.owl#LeastLimitingWaterRange,,https://doi.org/10.4324/9780203021231
https://w3id.org/eusoilvoc#LiquidConsistence,liquid consistence,,The state of soil consistence near saturation in which the soil behaves as a viscous liquid.,soil consistence,,http://imash.leeds.ac.uk/ontologies/atu/SoilPhysics.owl#LiquidConsistence,,https://doi.org/10.4324/9780203021231
https://w3id.org/eusoilvoc#LiquidRatio,liquid ratio,,The volume of water in a soil divided by the volume of its solids.,soil moisture contents,,http://imash.leeds.ac.uk/ontologies/atu/SoilPhysics.owl#LiquidRatio,,https://doi.org/10.4324/9780203021231
https://w3id.org/eusoilvoc#LiquidWasteDisposal,liquid waste disposal,,,waste disposal,,http://imash.leeds.ac.uk/ontologies/atu/SoilPhysics.owl#LiquidWasteDisposal,,
https://w3id.org/eusoilvoc#Lithology,lithology,,"Lithology refers to the physical characteristics of the parent material, such as the mineral composition, texture, and structure of the underlying rocks or sediments. The lithology of an area influences soil formation by affecting drainage, nutrient content, and the ability of the soil to support vegetation. Source: AGI, 'Encyclopedia of Geology'",geology,,http://opendata.inrae.fr/thesaurusINRAE/c_11570 | http://w3id.org/glosis/model/siteplot/lithologyProperty,http://aims.fao.org/aos/agrovoc/c_5748,http://w3id.org/glosis/model/siteplot/lithologyProperty
https://w3id.org/eusoilvoc#LongitudinalDispersion,longitudinal dispersion,,Mixing or dispersion of solutes along the direction of the flow path.,soil solute dispersive transport,,http://imash.leeds.ac.uk/ontologies/atu/SoilPhysics.owl#LongitudinalDispersion,,https://doi.org/10.4324/9780203021231
https://w3id.org/eusoilvoc#Macronutrients,macronutrients,macronutrient,,soil nutrients,,http://aims.fao.org/aos/agrovoc/c_5dbd59ad | https://soilwise-he.github.io/soil-health#Macronutrients,,
https://w3id.org/eusoilvoc#Macroporosity,macroporosity,,,soil porosity,,http://imash.leeds.ac.uk/ontologies/atu/SoilPhysics.owl#Macroporosity | http://opendata.inrae.fr/thesaurusINRAE/c_5012,,
https://w3id.org/eusoilvoc#Magnesium,magnesium,,,micronutrients,,http://aims.fao.org/aos/agrovoc/c_4517 | http://opendata.inrae.fr/thesaurusINRAE/c_15747 | https://soilwise-he.github.io/soil-health#Magnesium,,
https://w3id.org/eusoilvoc#MagnesiumExchangeableBases,magnesium exchangeable bases,magnesium exchangeable base,Magnesium bound to exchange surfaces in the soil such as clay minerals and organic matter that can be released to the soil solution upon exchange,magnesium,,http://w3id.org/glosis/model/codelists/physioChemicalPropertyCode-Magexc,,http://w3id.org/glosis/model/codelists/physioChemicalPropertyCode-Magexc
https://w3id.org/eusoilvoc#MagnesiumExtractableElements,magnesium extractable elements,,Magnesium bound to the soil matrix but that can be released into the soil solution (i.e. become bio-available),magnesium,,http://w3id.org/glosis/model/codelists/physioChemicalPropertyCode-Magext,,http://w3id.org/glosis/model/codelists/physioChemicalPropertyCode-Magext
https://w3id.org/eusoilvoc#MagnesiumTotalElements,magnesium total elements,,"Total magnesium in soil includes exchangeable, soluble, and mineral-bound forms. Magnesium is essential for chlorophyll synthesis, enzyme activation, and nutrient transport in plants. Its availability is influenced by soil pH and texture. Source: Havlin et al. (2014).",magnesium,,http://w3id.org/glosis/model/codelists/physioChemicalPropertyCode-Magtot,,http://w3id.org/glosis/model/codelists/physioChemicalPropertyCode-Magtot
https://w3id.org/eusoilvoc#MajorLandForms,major land forms,major land form,"Major Land Form refers to the significant physical features of the land, such as mountains, valleys, and plateaus, that influence soil development and landscape processes. These landforms shape the flow of water, sediment transport, and nutrient cycling, directly affecting the types of soils that form in different regions. Source: FAO, 'World Soil Resources Report'",physiography,,http://w3id.org/glosis/model/siteplot/majorLandFormProperty,,http://w3id.org/glosis/model/siteplot/majorLandFormProperty
https://w3id.org/eusoilvoc#Manganese,manganese,,,micronutrients,,http://aims.fao.org/aos/agrovoc/c_4570 | http://opendata.inrae.fr/thesaurusINRAE/c_15732 | https://soilwise-he.github.io/soil-health#Manganese,,
https://w3id.org/eusoilvoc#ManganeseExchangeableBases,manganese exchangeable bases,manganese exchangeable base,"Manganese exchangeable bases represent manganese ions adsorbed onto soil particles that can be readily exchanged. It plays a role in redox processes and plant nutrition. Source: Lindsay, W.L. (1979). Chemical Equilibria in Soils.",manganese,,,http://w3id.org/glosis/model/codelists/physioChemicalPropertyCode-Mantot,http://w3id.org/glosis/model/layerhorizon/ManganeseExchangeableBases
https://w3id.org/eusoilvoc#ManganeseExtractableElements,manganese extractable elements,,Manganese bound to the soil matrix but that can be released into the soil solution (i.e. become bio-available),manganese,,http://w3id.org/glosis/model/codelists/physioChemicalPropertyCode-Manext,,http://w3id.org/glosis/model/codelists/physioChemicalPropertyCode-Manext
https://w3id.org/eusoilvoc#ManganeseTotalElements,manganese total elements,,"Total manganese is the sum of all manganese forms in soil, including both bioavailable and mineral-bound fractions, important for soil fertility assessment. Source: Adriano, D.C. (2001). Trace Elements in Terrestrial Environments.",manganese,,,http://w3id.org/glosis/model/codelists/physioChemicalPropertyCode-Mantot,http://w3id.org/glosis/model/layerhorizon/ManganeseTotalElements
https://w3id.org/eusoilvoc#MatrixPores,matrix pores,matrix pore,A generally small textural pore formed by the packing of primary soil particles.,soil pores,,http://imash.leeds.ac.uk/ontologies/atu/SoilPhysics.owl#MatrixPore,,https://doi.org/10.4324/9780203021231
https://w3id.org/eusoilvoc#MeanWeightDiametre,mean weight diametre,,The sum of the mean diameter of each aggregate-size fraction multiplied by that fraction’s proportion of the total sample mass: MWD = sum(xi wi).,soil aggregation index,,http://imash.leeds.ac.uk/ontologies/atu/SoilPhysics.owl#MeanWeightDiameter,,https://doi.org/10.4324/9780203021231
https://w3id.org/eusoilvoc#MechanicalRatio,mechanical ratio,,"The ratio of a soil's sand content to its combined silt and clay content, also termed the clay ratio.",soil structure indirect index,,http://imash.leeds.ac.uk/ontologies/atu/SoilPhysics.owl#MechanicalRatio,,https://doi.org/10.4324/9780203021231
https://w3id.org/eusoilvoc#MediumSand,medium sand,,,sand,,http://aims.fao.org/aos/agrovoc/c_7b64842d | http://imash.leeds.ac.uk/ontologies/atu/SoilPhysics.owl#MediumSand,,
https://w3id.org/eusoilvoc#Microbes,microbes,microbe,,soil organisms,,http://imash.leeds.ac.uk/ontologies/atu/SoilPhysics.owl#Microbe | https://soilwise-he.github.io/soil-health#Microbes,http://aims.fao.org/aos/agrovoc/c_4807,
https://w3id.org/eusoilvoc#Micronutrients,micronutrients,micronutrient,,soil nutrients,,https://soilwise-he.github.io/soil-health#Micronutrients,http://aims.fao.org/aos/agrovoc/c_7834,
https://w3id.org/eusoilvoc#Microorganisms,microorganisms,microorganism,,soil organisms,,http://aims.fao.org/aos/agrovoc/c_4807 | https://soilwise-he.github.io/soil-health#Microorganisms,,
https://w3id.org/eusoilvoc#MineralConcAbundance,mineral conc abundance,,"The Mineral Concentration Abundance evaluates the amount of specific minerals, such as quartz, feldspar, or mica, in the soil. This property provides insights into soil parent material and fertility. Source: FAO (2006). Guidelines for Soil Description.",mineral concentration,,http://w3id.org/glosis/model/layerhorizon/mineralConcAbundanceProperty,,http://w3id.org/glosis/model/layerhorizon/mineralConcAbundanceProperty
https://w3id.org/eusoilvoc#MineralConcColour,mineral conc colour,,"The Mineral Concentration Colour describes the color of concentrated mineral deposits in the soil, such as iron oxides (red) or manganese nodules (black). It helps identify soil processes like oxidation or leaching. Source: Soil Survey Manual (USDA, 2017).",mineral concentration,,http://w3id.org/glosis/model/layerhorizon/mineralConcColourProperty,,http://w3id.org/glosis/model/layerhorizon/mineralConcColourProperty
https://w3id.org/eusoilvoc#MineralConcHardness,mineral conc hardness,,"The Mineral Concentration Hardness assesses the physical hardness of mineral deposits in soil. Hardness influences soil strength and resistance to erosion or mechanical disruption. Source: Sparks, D.L. (2003). Environmental Soil Chemistry.",mineral concentration,,http://w3id.org/glosis/model/layerhorizon/mineralConcHardnessProperty,,http://w3id.org/glosis/model/layerhorizon/mineralConcHardnessProperty
https://w3id.org/eusoilvoc#MineralConcKind,mineral conc kind,,"The Mineral Concentration Kind identifies the specific type of mineral concentrations found in soil, such as gypsum, calcite, or hematite. This classification aids in understanding soil genesis and chemistry. Source: FAO (2006). Guidelines for Soil Description.",mineral concentration,,http://w3id.org/glosis/model/layerhorizon/mineralConcKindProperty,,http://w3id.org/glosis/model/layerhorizon/mineralConcKindProperty
https://w3id.org/eusoilvoc#MineralConcNature,mineral conc nature,,"The Mineral Concentration Nature examines the origin and composition of concentrated minerals in soil. It provides clues about weathering, leaching, and other pedogenic processes. Source: Soil Survey Staff (2014). Keys to Soil Taxonomy.",mineral concentration,,http://w3id.org/glosis/model/layerhorizon/mineralConcNatureProperty,,http://w3id.org/glosis/model/layerhorizon/mineralConcNatureProperty
https://w3id.org/eusoilvoc#MineralConcShape,mineral conc shape,,"The Mineral Concentration Shape describes the physical shape of mineral accumulations, such as rounded, angular, or irregular. These shapes help infer soil formation processes and transport history. Source: Brady, N.C., & Weil, R.R. (2008). The Nature and Properties of Soils.",mineral concentration,,http://w3id.org/glosis/model/layerhorizon/mineralConcShapeProperty,,http://w3id.org/glosis/model/layerhorizon/mineralConcShapeProperty
https://w3id.org/eusoilvoc#MineralConcSize,mineral conc size,,"The Mineral Concentration Size measures the dimensions of concentrated mineral deposits in soil, typically expressed in millimeters. Size categories range from small grains to large nodules or concretions. Source: FAO (2006). Guidelines for Soil Description.",mineral concentration,,http://w3id.org/glosis/model/layerhorizon/mineralConcSizeProperty,,http://w3id.org/glosis/model/layerhorizon/mineralConcSizeProperty
https://w3id.org/eusoilvoc#MineralConcVolume,mineral conc volume,,"The Mineral Concentration Volume quantifies the proportion of soil volume occupied by mineral concentrations. It is used to assess the impact of these materials on soil structure and permeability. Source: Soil Survey Manual (USDA, 2017).",mineral concentration,,http://w3id.org/glosis/model/layerhorizon/mineralConcVolumeProperty,,http://w3id.org/glosis/model/layerhorizon/mineralConcVolumeProperty
https://w3id.org/eusoilvoc#MineralConcentration,mineral concentration,,,soil physical properties,,,,
https://w3id.org/eusoilvoc#MineralContents,mineral contents,mineral content,"The Mineral Content evaluates the overall abundance of mineral particles in soil, including sand, silt, and clay fractions. It provides essential information about soil texture, fertility, and parent material. Source: Hillel, D. (2004). Introduction to Environmental Soil Physics.",mineral particles,,http://w3id.org/glosis/model/layerhorizon/mineralContentProperty,,http://w3id.org/glosis/model/layerhorizon/mineralContentProperty
https://w3id.org/eusoilvoc#MineralFragments,mineral fragments,mineral fragment,"The Mineral Fragments refers to the presence and characteristics of coarse mineral particles (e.g., gravel, pebbles, stones) in the soil. These fragments influence soil drainage, root penetration, and overall physical structure. Source: Soil Survey Manual (USDA, 2017).",mineral particles,,http://w3id.org/glosis/model/layerhorizon/mineralFragmentsProperty,,http://w3id.org/glosis/model/layerhorizon/mineralFragmentsProperty
https://w3id.org/eusoilvoc#MineralParticles,mineral particles,mineral particle,,soil physical properties,,,,
https://w3id.org/eusoilvoc#Mist,mist,,,precipitation,,http://imash.leeds.ac.uk/ontologies/atu/SoilPhysics.owl#Mist | http://www.eionet.europa.eu/gemet/concept/3348,,
https://w3id.org/eusoilvoc#ModulusOfRupture,modulus of rupture,,"The maximum force per unit area that a material can withstand without breaking, used as a measure of the breaking strength of soil.",soil strength index,,http://imash.leeds.ac.uk/ontologies/atu/SoilPhysics.owl#ModulusOfRupture,,https://doi.org/10.4324/9780203021231
https://w3id.org/eusoilvoc#MoistConsistency,moist consistency,,"The Moist Consistency evaluates the soil's behavior under pressure when moist. Categories include friable, firm, or plastic. It provides insights into soil workability and its ability to support plant growth. Source: FAO (2006). Guidelines for Soil Description.",soil consistency,,http://w3id.org/glosis/model/layerhorizon/moistConsistencyProperty,,http://w3id.org/glosis/model/layerhorizon/moistConsistencyProperty
https://w3id.org/eusoilvoc#Molybdenum,molybdenum,,,micronutrients,,http://aims.fao.org/aos/agrovoc/c_4901 | http://opendata.inrae.fr/thesaurusINRAE/c_f9c3b60c | https://soilwise-he.github.io/soil-health#Molybdenum,,
https://w3id.org/eusoilvoc#MolybdenumExtractableElements,molybdenum extractable elements,,"Extractable molybdenum refers to the portion of molybdenum in soil that is chemically available for plant uptake, typically measured using extractants like ammonium oxalate. Source: Lindsay, W.L. (1979). Chemical Equilibria in Soils.",molybdenum,,,http://w3id.org/glosis/model/codelists/physioChemicalPropertyCode-Mol,http://w3id.org/glosis/model/layerhorizon/MolybdenumExtractableElements
https://w3id.org/eusoilvoc#MolybdenumTotalElements,molybdenum total elements,,"Total molybdenum includes all molybdenum present in the soil, both in available and mineral-bound forms. Molybdenum is an essential micronutrient for plant nitrogen metabolism. Source: Adriano, D.C. (2001). Trace Elements in Terrestrial Environments.",molybdenum,,,http://w3id.org/glosis/model/codelists/physioChemicalPropertyCode-Mol,http://w3id.org/glosis/model/layerhorizon/MolybdenumTotalElements
https://w3id.org/eusoilvoc#MottleAbundance,mottle abundance,mottles abundance,"The Mottles Abundance describes the frequency of mottling (spots of contrasting color) in soil horizons. Mottling indicates variations in soil aeration, drainage, or water saturation. Abundance is typically classified as few, common, or many. Source: Soil Survey Staff (2014). Keys to Soil Taxonomy.",soil mottle,,http://w3id.org/glosis/model/layerhorizon/mottlesAbundanceProperty,,http://w3id.org/glosis/model/layerhorizon/mottlesAbundanceProperty
https://w3id.org/eusoilvoc#MottleBoundaryClassification,mottle boundary classification,mottles boundary classification,The Mottles Boundary Classification assesses the sharpness and distinctness of boundaries between mottled and non-mottled areas within the soil. It provides clues about soil processes such as oxidation-reduction reactions. Source: FAO (2006). Guidelines for Soil Description.,soil mottle,,http://w3id.org/glosis/model/layerhorizon/mottlesBoundaryClassificationProperty,,http://w3id.org/glosis/model/layerhorizon/mottlesBoundaryClassificationProperty
https://w3id.org/eusoilvoc#MottleColour,mottle colour,mottles colour,"The Mottles Colour evaluates the color of soil mottles, often indicative of oxidation states of iron or manganese. For example, reddish colors suggest oxidation, while gray colors indicate reduction and poor drainage. Source: Soil Survey Manual (USDA, 2017).",soil mottle,,http://w3id.org/glosis/model/layerhorizon/mottlesColourProperty,,http://w3id.org/glosis/model/layerhorizon/mottlesColourProperty
https://w3id.org/eusoilvoc#MottleContrast,mottle contrast,mottles contrast,"The Mottles Contrast measures the visual distinction between mottles and the surrounding soil matrix. High contrast indicates stark differences, often linked to fluctuating water tables or drainage issues. Source: FAO (2006). Guidelines for Soil Description.",soil mottle,,http://w3id.org/glosis/model/layerhorizon/mottlesContrastProperty,,http://w3id.org/glosis/model/layerhorizon/mottlesContrastProperty
https://w3id.org/eusoilvoc#MottlePresence,mottle presence,mottles presence,"The Mottles Presence refers to the existence of mottles in soil, often signaling periodic water saturation, drainage problems, or fluctuating redox conditions. This property is essential for wetland delineation and soil health assessment. Source: Soil Survey Staff (2014). Keys to Soil Taxonomy.",soil mottle,,http://w3id.org/glosis/model/layerhorizon/mottlesPresenceProperty,,http://w3id.org/glosis/model/layerhorizon/mottlesPresenceProperty
https://w3id.org/eusoilvoc#MottleSize,mottle size,mottles size,"The Mottles Size describes the dimensions of soil mottles, typically classified as fine, medium, or coarse. The size reflects the intensity and scale of soil processes such as oxidation and reduction. Source: FAO (2006). Guidelines for Soil Description.",soil mottle,,http://w3id.org/glosis/model/layerhorizon/mottlesSizeProperty,,http://w3id.org/glosis/model/layerhorizon/mottlesSizeProperty
https://w3id.org/eusoilvoc#Mulch,mulch,,"Any material placed on the soil surface primarily to cover it, reduce evaporation, control weeds, and produce beneficial changes in the soil environment.",soil management,,http://imash.leeds.ac.uk/ontologies/atu/SoilPhysics.owl#Mulch | http://www.eionet.europa.eu/gemet/concept/5418,,https://doi.org/10.4324/9780203021231
https://w3id.org/eusoilvoc#MulchFarming,mulch farming,,,soil management,,http://imash.leeds.ac.uk/ontologies/atu/SoilPhysics.owl#MulchFarming,,
https://w3id.org/eusoilvoc#Mulching,mulching,,"Covering the soil surface with material, such as a vapor barrier or reflective material, to modify conditions at the surface.",soil management,,http://aims.fao.org/aos/agrovoc/c_4978 | http://imash.leeds.ac.uk/ontologies/atu/SoilPhysics.owl#Mulching | http://opendata.inrae.fr/thesaurusINRAE/c_1940,,https://doi.org/10.4324/9780203021231
https://w3id.org/eusoilvoc#Nitrogen,nitrogen,,,macronutrients,,http://aims.fao.org/aos/agrovoc/c_5192 | http://opendata.inrae.fr/thesaurusINRAE/c_15692 | http://www.eionet.europa.eu/gemet/concept/5605,,
https://w3id.org/eusoilvoc#NitrogenTotal,nitrogen total,,"Total nitrogen encompasses all nitrogen forms in soil, including organic nitrogen in humus and inorganic nitrogen such as ammonium (NH₄⁺) and nitrate (NO₃⁻). Nitrogen is essential for plant growth, being a vital component of amino acids, proteins, and chlorophyll. Total nitrogen is a key indicator of soil fertility and its capacity to sustain long-term crop productivity. Source: Brady & Weil (2017).",nitrogen,,http://w3id.org/glosis/model/codelists/physioChemicalPropertyCode-Nittot,,http://w3id.org/glosis/model/codelists/physioChemicalPropertyCode-Nittot
https://w3id.org/eusoilvoc#NoTill,no till,,A farming practice under which the soil remains largely undisturbed by farming operations.,soil management,,http://imash.leeds.ac.uk/ontologies/atu/SoilPhysics.owl#NoTill,,https://doi.org/10.4324/9780203021231
https://w3id.org/eusoilvoc#NonMatrixPores,non matrix pores,non matrix pore,"A large soil void created by roots, burrowing animals, compressed air, or other agents.",soil pores,,http://imash.leeds.ac.uk/ontologies/atu/SoilPhysics.owl#NonMatrixPore,,https://doi.org/10.4324/9780203021231
https://w3id.org/eusoilvoc#NonsoilIndicators,non-soil indicators,non-soil indicator,,soil indicators,,https://soilwise-he.github.io/soil-health#NonsoilIndicators,,
https://w3id.org/eusoilvoc#NonconservativeSolutes,nonconservative solutes,nonconservative solute,A solute that can undergo irreversible reactions and change its physical or chemical phase.,soil solutes,,http://imash.leeds.ac.uk/ontologies/atu/SoilPhysics.owl#NonconservativeSolute,,https://doi.org/10.4324/9780203021231
https://w3id.org/eusoilvoc#NormalShrinkage,normal shrinkage,,Soil shrinkage in which the decrease in total soil volume is proportional to the volume of water withdrawn from the soil and is represented by a 45° line on the shrinkage diagram.,soil shrinkage,,http://imash.leeds.ac.uk/ontologies/atu/SoilPhysics.owl#NormalShrinkage,,https://doi.org/10.4324/9780203021231
https://w3id.org/eusoilvoc#NutrientBufferingCapacity,nutrient buffering capacity,,,soil function indicators,,https://soilwise-he.github.io/soil-health#NutrientBufferingCapacity,,
https://w3id.org/eusoilvoc#NutrientDynamics,nutrient dynamics,nutrient dynamic,,soil functions,,https://soilwise-he.github.io/soil-health#NutrientDynamics,,
https://w3id.org/eusoilvoc#NutrientMobilisationCapacity,nutrient mobilisation capacity,,,soil function indicators,,https://soilwise-he.github.io/soil-health#NutrientMobilisationCapacity,,
https://w3id.org/eusoilvoc#carbonOrganicProcedure-OrgC_acid-dc,OrgC_acid-dc,,Acidified dry combustion or dry oxidation methods (after removal of carbonates),,soil organic carbon,http://w3id.org/glosis/model/procedure/carbonOrganicProcedure-OrgC_acid-dc,,http://w3id.org/glosis/model/procedure/carbonOrganicProcedure-OrgC_acid-dc
https://w3id.org/eusoilvoc#carbonOrganicProcedure-OrgC_acid-dc-ht,OrgC_acid-dc-ht,,Acidified. Dry combustion at 1200 C and colometric CO2 measurement (Schlichting et al. 1995),,soil organic carbon,http://w3id.org/glosis/model/procedure/carbonOrganicProcedure-OrgC_acid-dc-ht,,http://w3id.org/glosis/model/procedure/carbonOrganicProcedure-OrgC_acid-dc-ht
https://w3id.org/eusoilvoc#carbonOrganicProcedure-OrgC_acid-dc-ht-analyser,OrgC_acid-dc-ht-analyser,,"Acidified. Furnace combustion (e.g., LECO combustion analyzer, Dumas method)",,soil organic carbon,http://w3id.org/glosis/model/procedure/carbonOrganicProcedure-OrgC_acid-dc-ht-analyser,,http://w3id.org/glosis/model/procedure/carbonOrganicProcedure-OrgC_acid-dc-ht-analyser
https://w3id.org/eusoilvoc#carbonOrganicProcedure-OrgC_acid-dc-lt,OrgC_acid-dc-lt,,Acidified. Dry combustion at 500 C,,soil organic carbon,http://w3id.org/glosis/model/procedure/carbonOrganicProcedure-OrgC_acid-dc-lt,,http://w3id.org/glosis/model/procedure/carbonOrganicProcedure-OrgC_acid-dc-lt
https://w3id.org/eusoilvoc#carbonOrganicProcedure-OrgC_acid-dc-lt-loi,OrgC_acid-dc-lt-loi,,Acidified. Loss on ignition (NL),,soil organic carbon,http://w3id.org/glosis/model/procedure/carbonOrganicProcedure-OrgC_acid-dc-lt-loi,,http://w3id.org/glosis/model/procedure/carbonOrganicProcedure-OrgC_acid-dc-lt-loi
https://w3id.org/eusoilvoc#carbonOrganicProcedure-OrgC_acid-dc-mt,OrgC_acid-dc-mt,,Acidified. Dry combustion at 840 C,,soil organic carbon,http://w3id.org/glosis/model/procedure/carbonOrganicProcedure-OrgC_acid-dc-mt,,http://w3id.org/glosis/model/procedure/carbonOrganicProcedure-OrgC_acid-dc-mt
https://w3id.org/eusoilvoc#carbonOrganicProcedure-OrgC_acid-dc-spec,OrgC_acid-dc-spec,,Spectrally measured and converted to Acidified dry combustion or dry oxidation methods (after removal of carbonates),,soil organic carbon,http://w3id.org/glosis/model/procedure/carbonOrganicProcedure-OrgC_acid-dc-spec,,http://w3id.org/glosis/model/procedure/carbonOrganicProcedure-OrgC_acid-dc-spec
https://w3id.org/eusoilvoc#carbonOrganicProcedure-OrgC_calcul-tc-ic,OrgC_calcul-tc-ic,,Calculated as total carbon minus inorganic carbon,,soil organic carbon,http://w3id.org/glosis/model/procedure/carbonOrganicProcedure-OrgC_calcul-tc-ic,,http://w3id.org/glosis/model/procedure/carbonOrganicProcedure-OrgC_calcul-tc-ic
https://w3id.org/eusoilvoc#carbonOrganicProcedure-OrgC_dc,OrgC_dc,,Unacidified. Dry combustion or dry oxidation methods (without prior removal of carbonates),,soil organic carbon,http://w3id.org/glosis/model/procedure/carbonOrganicProcedure-OrgC_dc,,http://w3id.org/glosis/model/procedure/carbonOrganicProcedure-OrgC_dc
https://w3id.org/eusoilvoc#carbonOrganicProcedure-OrgC_dc-ht,OrgC_dc-ht,,Unacidified. Dry combustion at high temperature (e.g. 1200 C and colometric CO2 measurement (Schlichting et al. 1995),,soil organic carbon,http://w3id.org/glosis/model/procedure/carbonOrganicProcedure-OrgC_dc-ht,,http://w3id.org/glosis/model/procedure/carbonOrganicProcedure-OrgC_dc-ht
https://w3id.org/eusoilvoc#carbonOrganicProcedure-OrgC_dc-ht-analyser,OrgC_dc-ht-analyser,,"Unacidified. Dry combustion by furnace (e.g., LECO combustion analyzer, Dumas method). Is total Carbon?",,soil organic carbon,http://w3id.org/glosis/model/procedure/carbonOrganicProcedure-OrgC_dc-ht-analyser,,http://w3id.org/glosis/model/procedure/carbonOrganicProcedure-OrgC_dc-ht-analyser
https://w3id.org/eusoilvoc#carbonOrganicProcedure-OrgC_dc-lt,OrgC_dc-lt,,Unacidified. Dry combustion at low temperature e.g. 500 C,,soil organic carbon,http://w3id.org/glosis/model/procedure/carbonOrganicProcedure-OrgC_dc-lt,,http://w3id.org/glosis/model/procedure/carbonOrganicProcedure-OrgC_dc-lt
https://w3id.org/eusoilvoc#carbonOrganicProcedure-OrgC_dc-lt-loi,OrgC_dc-lt-loi,,Unacidified. Loss on ignition (NL) is total Organic Carbon,,soil organic carbon,http://w3id.org/glosis/model/procedure/carbonOrganicProcedure-OrgC_dc-lt-loi,,http://w3id.org/glosis/model/procedure/carbonOrganicProcedure-OrgC_dc-lt-loi
https://w3id.org/eusoilvoc#carbonOrganicProcedure-OrgC_dc-mt,OrgC_dc-mt,,Unacidified. Dry combustion at medium temperature e.g. 840 C,,soil organic carbon,http://w3id.org/glosis/model/procedure/carbonOrganicProcedure-OrgC_dc-mt,,http://w3id.org/glosis/model/procedure/carbonOrganicProcedure-OrgC_dc-mt
https://w3id.org/eusoilvoc#carbonOrganicProcedure-OrgC_dc-spec,OrgC_dc-spec,,Spectrally measured and converted to Unacidified Dry combustion or dry oxidation methods,,soil organic carbon,http://w3id.org/glosis/model/procedure/carbonOrganicProcedure-OrgC_dc-spec,,http://w3id.org/glosis/model/procedure/carbonOrganicProcedure-OrgC_dc-spec
https://w3id.org/eusoilvoc#carbonOrganicProcedure-OrgC_wc,OrgC_wc,,Wet oxidation or wet combustion methods,,soil organic carbon,http://w3id.org/glosis/model/procedure/carbonOrganicProcedure-OrgC_wc,,http://w3id.org/glosis/model/procedure/carbonOrganicProcedure-OrgC_wc
https://w3id.org/eusoilvoc#carbonOrganicProcedure-OrgC_wc-cro3-jackson,OrgC_wc-cro3-jackso,,Wet oxidation according to Jackson (1958) with chromic acid digestion,,soil organic carbon,http://w3id.org/glosis/model/procedure/carbonOrganicProcedure-OrgC_wc-cro3-jackson,,http://w3id.org/glosis/model/procedure/carbonOrganicProcedure-OrgC_wc-cro3-jackson
https://w3id.org/eusoilvoc#carbonOrganicProcedure-OrgC_wc-cro3-kalembra,OrgC_wc-cro3-kalembra,,Wet oxidation according to Kalembra and Jenkinson (1973) with acid dichromate,,soil organic carbon,http://w3id.org/glosis/model/procedure/carbonOrganicProcedure-OrgC_wc-cro3-kalembra,,http://w3id.org/glosis/model/procedure/carbonOrganicProcedure-OrgC_wc-cro3-kalembra
https://w3id.org/eusoilvoc#carbonOrganicProcedure-OrgC_wc-cro3-knopp,OrgC_wc-cro3-knopp,,Wet oxidation according to Knopp with chromic acid and gravimetric determination of CO2,,soil organic carbon,http://w3id.org/glosis/model/procedure/carbonOrganicProcedure-OrgC_wc-cro3-knopp,,http://w3id.org/glosis/model/procedure/carbonOrganicProcedure-OrgC_wc-cro3-knopp
https://w3id.org/eusoilvoc#carbonOrganicProcedure-OrgC_wc-cro3-kurmies,OrgC_wc-cro3-kurmies,,Wet oxidation according to Kurmies with K2Cr2O7+H2SO4,,soil organic carbon,http://w3id.org/glosis/model/procedure/carbonOrganicProcedure-OrgC_wc-cro3-kurmies,,http://w3id.org/glosis/model/procedure/carbonOrganicProcedure-OrgC_wc-cro3-kurmies
https://w3id.org/eusoilvoc#carbonOrganicProcedure-OrgC_wc-cro3-nelson,OrgC_wc-cro3-nelso,,Wet oxidation according to Nelson and Sommers (1996),,soil organic carbon,http://w3id.org/glosis/model/procedure/carbonOrganicProcedure-OrgC_wc-cro3-nelson,,http://w3id.org/glosis/model/procedure/carbonOrganicProcedure-OrgC_wc-cro3-nelson
https://w3id.org/eusoilvoc#carbonOrganicProcedure-OrgC_wc-cro3-nrcs6a1c,OrgC_wc-cro3-nrcs6a1c,,"Wet oxidation according to USDA-NRCS method 6A1c with acid dichromate digestion, FeSO4 titration, automatic titrator",,soil organic carbon,http://w3id.org/glosis/model/procedure/carbonOrganicProcedure-OrgC_wc-cro3-nrcs6a1c,,http://w3id.org/glosis/model/procedure/carbonOrganicProcedure-OrgC_wc-cro3-nrcs6a1c
https://w3id.org/eusoilvoc#carbonOrganicProcedure-OrgC_wc-cro3-tiurin,OrgC_wc-cro3-tiuri,,Wet oxidation according to Tiurin with K-dichromate,,soil organic carbon,http://w3id.org/glosis/model/procedure/carbonOrganicProcedure-OrgC_wc-cro3-tiurin,,http://w3id.org/glosis/model/procedure/carbonOrganicProcedure-OrgC_wc-cro3-tiurin
https://w3id.org/eusoilvoc#carbonOrganicProcedure-OrgC_wc-cro3-walkleyblack,OrgC_wc-cro3-walkleyblack,,Walkley-Black method (chromic acid digestion),,soil organic carbon,http://w3id.org/glosis/model/procedure/carbonOrganicProcedure-OrgC_wc-cro3-walkleyblack,,http://w3id.org/glosis/model/procedure/carbonOrganicProcedure-OrgC_wc-cro3-walkleyblack
https://w3id.org/eusoilvoc#organicMatterProcedure-OrgM_calcul-oc1.73,OrgM_calcul-oc1.73,,"Organic carbon * 1,73",,soil organic matter,http://w3id.org/glosis/model/procedure/organicMatterProcedure-OrgM_calcul-oc1.73,,http://w3id.org/glosis/model/procedure/organicMatterProcedure-OrgM_calcul-oc1.73
https://w3id.org/eusoilvoc#OverlandFlow,overland flow,,The flow over the soil surface of rainfall or irrigation water that does not enter the soil matrix.,water interchange,,http://imash.leeds.ac.uk/ontologies/atu/SoilPhysics.owl#OverlandFlow,,https://doi.org/10.4324/9780203021231
https://w3id.org/eusoilvoc#OxalateExtractableOpticalDensity,oxalate extractable optical density,,"The Oxalate Extractable Optical Density measures the concentration of poorly crystalline forms of iron, aluminum, and organic matter in soil, often associated with volcanic soils. It is determined using ammonium oxalate extraction. Source: Sparks, D.L. (2003). Environmental Soil Chemistry.",soil chemical properties,,http://w3id.org/glosis/model/layerhorizon/oxalateExtractableOpticalDensityProperty,,http://w3id.org/glosis/model/layerhorizon/oxalateExtractableOpticalDensityProperty
https://w3id.org/eusoilvoc#ParentDeposition,parent deposition,,"Parent Deposition refers to the accumulation of materials, such as sediments or volcanic ash, that contribute to soil formation. These parent materials are deposited through natural processes such as erosion, weathering, or sediment transport, influencing soil texture, nutrient content, and water retention properties. Source: USDA NRCS, 'Soil Genesis and Classification'",parent material,,http://w3id.org/glosis/model/siteplot/parentDepositionProperty,,http://w3id.org/glosis/model/siteplot/parentDepositionProperty
https://w3id.org/eusoilvoc#ParentLithology,parent lithology,,"Parent Lithology is the specific geological composition of the parent material (e.g., bedrock or sediment) from which the soil develops. The mineral content and texture of this material directly affect the physical and chemical properties of the soil, such as fertility, permeability, and soil depth. Source: USDA NRCS, 'Soil Genesis and Classification'",parent material,,http://w3id.org/glosis/model/siteplot/parentLithologyProperty,,http://w3id.org/glosis/model/siteplot/parentLithologyProperty
https://w3id.org/eusoilvoc#ParentMaterial,parent material,,,geology,,https://data.geoscience.earth/ncl/ISO11074v2025/3.306 | https://soilwise-he.github.io/soil-health#ParentMaterial,,
https://w3id.org/eusoilvoc#ParentTextureUnconsolidated,parent texture unconsolidated,,"Parent Texture Unconsolidated refers to the texture of the unconsolidated parent material, such as loose sediments or debris, that has not been solidified into rock. This texture affects soil properties such as aeration, drainage, and root penetration, as well as its ability to retain nutrients. Source: USDA NRCS, 'Soil Genesis and Classification'",parent material,,http://w3id.org/glosis/model/siteplot/parentTextureUnconsolidatedProperty,,http://w3id.org/glosis/model/siteplot/parentTextureUnconsolidatedProperty
https://w3id.org/eusoilvoc#ParticleSizeFractionSum,particle size fraction sum,,"The Particle Size Fractions Sum refers to the total proportion of sand, silt, and clay particles in soil, expressed as a percentage. It ensures the sum of individual particle size fractions adds up to 100%, a check for accurate soil texture analysis. Particle size distribution impacts water retention, permeability, and soil structure. Source: Hillel, D. (2004). Introduction to Environmental Soil Physics.",soil particle physical properties,,http://w3id.org/glosis/model/layerhorizon/particleSizeFractionsSumProperty,,http://w3id.org/glosis/model/layerhorizon/particleSizeFractionsSumProperty
https://w3id.org/eusoilvoc#PavementStability,pavement stability,,,soil engineering functions,,http://imash.leeds.ac.uk/ontologies/atu/SoilPhysics.owl#PavementStability,,
https://w3id.org/eusoilvoc#Pavements,pavements,pavement,,land cover,,http://imash.leeds.ac.uk/ontologies/atu/SoilPhysics.owl#Pavement,,
https://w3id.org/eusoilvoc#availableWaterHoldingCapacityProcedure-PAWHC_calcul-fc100wp,PAWHC_calcul-fc100wp,,"Plant available water holding capacity of the soil fine earth fraction, calculated with field capacity defined at 100 cm (pF 2.0)",,available water holding capacity,http://w3id.org/glosis/model/procedure/availableWaterHoldingCapacityProcedure-PAWHC_calcul-fc100wp,,http://w3id.org/glosis/model/procedure/availableWaterHoldingCapacityProcedure-PAWHC_calcul-fc100wp
https://w3id.org/eusoilvoc#availableWaterHoldingCapacityProcedure-PAWHC_calcul-fc200wp,PAWHC_calcul-fc200wp,,"Plant available water holding capacity of the soil fine earth fraction, calculated with field capacity defined at 200 cm (pF 2.3)",,available water holding capacity,http://w3id.org/glosis/model/procedure/availableWaterHoldingCapacityProcedure-PAWHC_calcul-fc200wp,,http://w3id.org/glosis/model/procedure/availableWaterHoldingCapacityProcedure-PAWHC_calcul-fc200wp
https://w3id.org/eusoilvoc#availableWaterHoldingCapacityProcedure-PAWHC_calcul-fc300wp,PAWHC_calcul-fc300wp,,"Plant available water holding capacity of the soil fine earth fraction, calculated with field capacity defined at 300 cm (pF 2.5)",,available water holding capacity,http://w3id.org/glosis/model/procedure/availableWaterHoldingCapacityProcedure-PAWHC_calcul-fc300wp,,http://w3id.org/glosis/model/procedure/availableWaterHoldingCapacityProcedure-PAWHC_calcul-fc300wp
https://w3id.org/eusoilvoc#Peat,peat,,,soil physical properties,,http://aims.fao.org/aos/agrovoc/c_5647 | http://opendata.inrae.fr/thesaurusINRAE/c_11527 | http://www.eionet.europa.eu/gemet/concept/6081 | https://soilwise-he.github.io/soil-health#Peat,,
https://w3id.org/eusoilvoc#PeatDecompostion,peat decompostion,,"The Peat Decomposition evaluates the degree of decomposition in organic soils or peat. Categories include fibric (least decomposed), hemic (moderately decomposed), and sapric (highly decomposed), which influence soil fertility and drainage. Source: Soil Survey Manual (USDA, 2017).",peat,,http://w3id.org/glosis/model/layerhorizon/peatDecompostionProperty,,http://w3id.org/glosis/model/layerhorizon/peatDecompostionProperty
https://w3id.org/eusoilvoc#PeatDrainage,peat drainage,,"The Peat Drainage assesses the water removal capacity in peat soils, essential for determining their suitability for agriculture, conservation, or other uses. Poorly drained peat often accumulates organic material due to low decomposition rates. Source: FAO (2006). Guidelines for Soil Description.",peat,,http://w3id.org/glosis/model/layerhorizon/peatDrainageProperty,,http://w3id.org/glosis/model/layerhorizon/peatDrainageProperty
https://w3id.org/eusoilvoc#PeatVolume,peat volume,,"The Peat Volume quantifies the proportion of peat material in a given soil volume. It is critical for land use planning, carbon sequestration assessments, and wetland management. Source: Soil Survey Staff (2014). Keys to Soil Taxonomy.",peat,,http://w3id.org/glosis/model/layerhorizon/peatVolumeProperty,,http://w3id.org/glosis/model/layerhorizon/peatVolumeProperty
https://w3id.org/eusoilvoc#PercentWaterStableAggregation,percent water stable aggregation,,,soil aggregation index,,http://imash.leeds.ac.uk/ontologies/atu/SoilPhysics.owl#PercentWaterStableAggregation,,
https://w3id.org/eusoilvoc#Percolation,percolation,,,water interchange,,http://imash.leeds.ac.uk/ontologies/atu/SoilPhysics.owl#Percolation | http://opendata.inrae.fr/thesaurusINRAE/c_13237,,
https://w3id.org/eusoilvoc#PermanentCharge,permanent charge,,"The total charge on mineral surfaces arising from structural properties, including isomorphic substitution and other alterations; also called intrinsic charge density.",soil surface charge,,http://imash.leeds.ac.uk/ontologies/atu/SoilPhysics.owl#PermanentCharge,,https://doi.org/10.4324/9780203021231
https://w3id.org/eusoilvoc#PermanentWiltingPoint,permanent wilting point,,The soil moisture content beyond which soil water is no longer available to plants and wilted leaves do not regain turgidity even at 100% relative humidity.,soil moisture contents,,http://imash.leeds.ac.uk/ontologies/atu/SoilPhysics.owl#PermanentWiltingPoint,,https://doi.org/10.4324/9780203021231
https://w3id.org/eusoilvoc#PesticideUse,pesticide use,,,soil management,,http://imash.leeds.ac.uk/ontologies/atu/SoilPhysics.owl#PesticideUse,,
https://w3id.org/eusoilvoc#pFcurve,pF curve,,"The relationship between soil moisture content and soil matric potential, also called the soil moisture characteristic curve.",soil water physical properties,,http://imash.leeds.ac.uk/ontologies/atu/SoilPhysics.owl#pFcurve,,https://doi.org/10.4324/9780203021231
https://w3id.org/eusoilvoc#pHProcedure-pHCaCl2,pHCaCl2,,pHCaCl2 (soil reaction) in a soil/CaCl2 solution (0.01-1 M),,soil pH,http://w3id.org/glosis/model/procedure/pHProcedure-pHCaCl2,,http://w3id.org/glosis/model/procedure/pHProcedure-pHCaCl2
https://w3id.org/eusoilvoc#pHProcedure-pHCaCl2_ratio1-1,pHCaCl2_ratio1-1,,pHCaCl2 (soil reaction) in 1:1 soil/1 M CaCl2 solution (1 M),pHCaCl2,,http://w3id.org/glosis/model/procedure/pHProcedure-pHCaCl2_ratio1-1,,http://w3id.org/glosis/model/procedure/pHProcedure-pHCaCl2_ratio1-1
https://w3id.org/eusoilvoc#pHProcedure-pHCaCl2_ratio1-10,pHCaCl2_ratio1-10,,pHCaCl2 (soil reaction) in 1:10 soil/CaCl2 solution (0.01-1 M),pHCaCl2,,http://w3id.org/glosis/model/procedure/pHProcedure-pHCaCl2_ratio1-10,,http://w3id.org/glosis/model/procedure/pHProcedure-pHCaCl2_ratio1-10
https://w3id.org/eusoilvoc#pHProcedure-pHCaCl2_ratio1-2,pHCaCl2_ratio1-2,,pHCaCl2 (soil reaction) in 1:2 soil/CaCl2 solution (0.01-1 M),pHCaCl2,,http://w3id.org/glosis/model/procedure/pHProcedure-pHCaCl2_ratio1-2,,http://w3id.org/glosis/model/procedure/pHProcedure-pHCaCl2_ratio1-2
https://w3id.org/eusoilvoc#pHProcedure-pHCaCl2_ratio1-2.5,pHCaCl2_ratio1-2.5,,pHCaCl2 (soil reaction) in 1:2.5 soil/CaCl2 solution (0.01-1 M),pHCaCl2,,http://w3id.org/glosis/model/procedure/pHProcedure-pHCaCl2_ratio1-2.5,,http://w3id.org/glosis/model/procedure/pHProcedure-pHCaCl2_ratio1-2.5
https://w3id.org/eusoilvoc#pHProcedure-pHCaCl2_ratio1-5,pHCaCl2_ratio1-5,,pHCaCl2 (soil reaction) in 1:5 soil/CaCl2 solution (0.01-1 M),pHCaCl2,,http://w3id.org/glosis/model/procedure/pHProcedure-pHCaCl2_ratio1-5,,http://w3id.org/glosis/model/procedure/pHProcedure-pHCaCl2_ratio1-5
https://w3id.org/eusoilvoc#pHProcedure-pHCaCl2_sat,pHCaCl2_sat,,pHCaCl2 (soil reaction) in saturated paste,pHCaCl2,,http://w3id.org/glosis/model/procedure/pHProcedure-pHCaCl2_sat,,http://w3id.org/glosis/model/procedure/pHProcedure-pHCaCl2_sat
https://w3id.org/eusoilvoc#pHProcedure-pHH2O,pHH2O,,pHH2O (soil reaction) in a soil/water solution,,soil pH,http://w3id.org/glosis/model/procedure/pHProcedure-pHH2O,,http://w3id.org/glosis/model/procedure/pHProcedure-pHH2O
https://w3id.org/eusoilvoc#pHProcedure-pHH2O_ratio1-1,pHH2O_ratio1-1,,pHH2O (soil reaction) in 1:1 soil/water solution,pHH2O,,http://w3id.org/glosis/model/procedure/pHProcedure-pHH2O_ratio1-1,,http://w3id.org/glosis/model/procedure/pHProcedure-pHH2O_ratio1-1
https://w3id.org/eusoilvoc#pHProcedure-pHH2O_ratio1-10,pHH2O_ratio1-10,,pHH2O (soil reaction) in 1:10 soil/water solution,pHH2O,,http://w3id.org/glosis/model/procedure/pHProcedure-pHH2O_ratio1-10,,http://w3id.org/glosis/model/procedure/pHProcedure-pHH2O_ratio1-10
https://w3id.org/eusoilvoc#pHProcedure-pHH2O_ratio1-2,pHH2O_ratio1-2,,pHH2O (soil reaction) in 1:2 soil/water solution,pHH2O,,http://w3id.org/glosis/model/procedure/pHProcedure-pHH2O_ratio1-2,,http://w3id.org/glosis/model/procedure/pHProcedure-pHH2O_ratio1-2
https://w3id.org/eusoilvoc#pHProcedure-pHH2O_ratio1-2.5,pHH2O_ratio1-2.5,,pHH2O (soil reaction) in 1:2.5 soil/water solution,pHH2O,,http://w3id.org/glosis/model/procedure/pHProcedure-pHH2O_ratio1-2.5,,http://w3id.org/glosis/model/procedure/pHProcedure-pHH2O_ratio1-2.5
https://w3id.org/eusoilvoc#pHProcedure-pHH2O_ratio1-5,pHH2O_ratio1-5,,pHH2O (soil reaction) in 1:5 soil/water solution,pHH2O,,http://w3id.org/glosis/model/procedure/pHProcedure-pHH2O_ratio1-5,,http://w3id.org/glosis/model/procedure/pHProcedure-pHH2O_ratio1-5
https://w3id.org/eusoilvoc#pHProcedure-pHH2O_sat,pHH2O_sat,,pHH2O (soil reaction) in water saturated paste,pHH2O,,http://w3id.org/glosis/model/procedure/pHProcedure-pHH2O_sat,,http://w3id.org/glosis/model/procedure/pHProcedure-pHH2O_sat
https://w3id.org/eusoilvoc#pHProcedure-pHH2O_unkn-spec,pHH2O_unkn-spec,,Spectrally measured and converted to pHH2O (soil reaction) in unknown soil/water solution,pHH2O,,http://w3id.org/glosis/model/procedure/pHProcedure-pHH2O_unkn-spec,,http://w3id.org/glosis/model/procedure/pHProcedure-pHH2O_unkn-spec
https://w3id.org/eusoilvoc#pHProcedure-pHKCl,pHKCl,,pHKCl (soil reaction) in a soil/KCl solution (0.01-1 M),,soil pH,http://w3id.org/glosis/model/procedure/pHProcedure-pHKCl,,http://w3id.org/glosis/model/procedure/pHProcedure-pHKCl
https://w3id.org/eusoilvoc#pHProcedure-pHKCl_ratio1-1,pHKCl_ratio1-1,,pHKCl (soil reaction) in 1:1 soil/KCl solution (1 M),pHKCl,,http://w3id.org/glosis/model/procedure/pHProcedure-pHKCl_ratio1-1,,http://w3id.org/glosis/model/procedure/pHProcedure-pHKCl_ratio1-1
https://w3id.org/eusoilvoc#pHProcedure-pHKCl_ratio1-10,pHKCl_ratio1-10,,pHKCl (soil reaction) in 1:10 soil/KCl solution (0.01-1 M),pHKCl,,http://w3id.org/glosis/model/procedure/pHProcedure-pHKCl_ratio1-10,,http://w3id.org/glosis/model/procedure/pHProcedure-pHKCl_ratio1-10
https://w3id.org/eusoilvoc#pHProcedure-pHKCl_ratio1-2,pHKCl_ratio1-2,,pHKCl (soil reaction) in 1:2 soil/KCl solution (0.01-1 M),pHKCl,,http://w3id.org/glosis/model/procedure/pHProcedure-pHKCl_ratio1-2,,http://w3id.org/glosis/model/procedure/pHProcedure-pHKCl_ratio1-2
https://w3id.org/eusoilvoc#pHProcedure-pHKCl_ratio1-2.5,pHKCl_ratio1-2.5,,pHKCl (soil reaction) in 1:2.5 soil/KCl solution (0.01-1 M),pHKCl,,http://w3id.org/glosis/model/procedure/pHProcedure-pHKCl_ratio1-2.5,,http://w3id.org/glosis/model/procedure/pHProcedure-pHKCl_ratio1-2.5
https://w3id.org/eusoilvoc#pHProcedure-pHKCl_ratio1-5,pHKCl_ratio1-5,,pHKCl (soil reaction) in 1:5 soil/KCl solution (0.01-1 M),pHKCl,,http://w3id.org/glosis/model/procedure/pHProcedure-pHKCl_ratio1-5,,http://w3id.org/glosis/model/procedure/pHProcedure-pHKCl_ratio1-5
https://w3id.org/eusoilvoc#pHProcedure-pHKCl_sat,pHKCl_sat,,pHKCl (soil reaction) in saturated paste,,soil pH,http://w3id.org/glosis/model/procedure/pHProcedure-pHKCl_sat,,http://w3id.org/glosis/model/procedure/pHProcedure-pHKCl_sat
https://w3id.org/eusoilvoc#pHProcedure-pHNaF,pHNaF,,pHNaF (soil reaction) in a soil/NaF solution (0.01-1 M),,soil pH,http://w3id.org/glosis/model/procedure/pHProcedure-pHNaF,,http://w3id.org/glosis/model/procedure/pHProcedure-pHNaF
https://w3id.org/eusoilvoc#pHProcedure-pHNaF_ratio1-1,pHNaF_ratio1-1,,pHNaF (soil reaction) in 1:1 soil/NaF solution (1 M),pHNaF,,http://w3id.org/glosis/model/procedure/pHProcedure-pHNaF_ratio1-1,,http://w3id.org/glosis/model/procedure/pHProcedure-pHNaF_ratio1-1
https://w3id.org/eusoilvoc#pHProcedure-pHNaF_ratio1-10,pHNaF_ratio1-10,,pHNaF (soil reaction) in 1:10 soil/NaF solution (0.01-1 M),pHNaF,,http://w3id.org/glosis/model/procedure/pHProcedure-pHNaF_ratio1-10,,http://w3id.org/glosis/model/procedure/pHProcedure-pHNaF_ratio1-10
https://w3id.org/eusoilvoc#pHProcedure-pHNaF_ratio1-2,pHNaF_ratio1-2,,pHNaF (soil reaction) in 1:2 soil/NaF solution (0.01-1 M),pHNaF,,http://w3id.org/glosis/model/procedure/pHProcedure-pHNaF_ratio1-2,,http://w3id.org/glosis/model/procedure/pHProcedure-pHNaF_ratio1-2
https://w3id.org/eusoilvoc#pHProcedure-pHNaF_ratio1-2.5,pHNaF_ratio1-2.5,,pHNaF (soil reaction) in 1:2.5 soil/NaF solution (0.01-1 M),pHNaF,,http://w3id.org/glosis/model/procedure/pHProcedure-pHNaF_ratio1-2.5,,http://w3id.org/glosis/model/procedure/pHProcedure-pHNaF_ratio1-2.5
https://w3id.org/eusoilvoc#pHProcedure-pHNaF_ratio1-5,pHNaF_ratio1-5,,pHNaF (soil reaction) in 1:5 soil/NaF solution (0.01-1 M),pHNaF,,http://w3id.org/glosis/model/procedure/pHProcedure-pHNaF_ratio1-5,,http://w3id.org/glosis/model/procedure/pHProcedure-pHNaF_ratio1-5
https://w3id.org/eusoilvoc#pHProcedure-pHNaF_sat,pHNaF_sat,,pHNaF (soil reaction) in saturated paste,pHNaF,,http://w3id.org/glosis/model/procedure/pHProcedure-pHNaF_sat,,http://w3id.org/glosis/model/procedure/pHProcedure-pHNaF_sat
https://w3id.org/eusoilvoc#Phosphorus,phosphorus,,,macronutrients,,http://aims.fao.org/aos/agrovoc/c_5804 | http://opendata.inrae.fr/thesaurusINRAE/c_15709 | http://www.eionet.europa.eu/gemet/concept/6196,,
https://w3id.org/eusoilvoc#PhosphorusExtractableElements,phosphorus extractable elements,,Phosphorus bound to the soil matrix but that can be released into the soil solution (i.e. become bio-available),phosphorus,,http://w3id.org/glosis/model/codelists/physioChemicalPropertyCode-Phoext,,http://w3id.org/glosis/model/codelists/physioChemicalPropertyCode-Phoext
https://w3id.org/eusoilvoc#PhosphorusRetention,phosphorus retention,,"Phosphorus retention measures a soil's capacity to adsorb and hold phosphorus, influenced by soil texture, pH, and mineralogy. While high retention reduces leaching, it may also limit phosphorus availability to plants. Understanding phosphorus retention helps optimize fertilization and minimize environmental impacts. Source: Brady & Weil (2017).",phosphorus,,http://w3id.org/glosis/model/codelists/physioChemicalPropertyCode-Phoret,,http://w3id.org/glosis/model/codelists/physioChemicalPropertyCode-Phoret
https://w3id.org/eusoilvoc#PhosphorusTotalElements,phosphorus total elements,,"Total phosphorus includes all forms of phosphorus in the soil, both organic and inorganic. While only a fraction is plant-available, total phosphorus serves as a long-term reserve for crop nutrition. Adequate phosphorus levels are crucial for energy transfer, photosynthesis, and root development in plants. Source: Soil Chemistry by Bohn et al.",phosphorus,,http://w3id.org/glosis/model/codelists/physioChemicalPropertyCode-Photot,,http://w3id.org/glosis/model/codelists/physioChemicalPropertyCode-Photot
https://w3id.org/eusoilvoc#Physiography,physiography,,"Physiography describes the physical characteristics of a landscape, including its landforms, slopes, and elevation. These features influence soil properties such as drainage, erosion, and moisture retention, helping to determine soil suitability for various land uses. Source: FAO, 'Soil Geography and Mapping'",,,http://aims.fao.org/aos/agrovoc/c_5836 | http://w3id.org/glosis/model/siteplot/physiographyProperty,,http://w3id.org/glosis/model/siteplot/physiographyProperty
https://w3id.org/eusoilvoc#PlanetaryPhenomena,planetary phenomena,planetary phenomenon,,,,http://imash.leeds.ac.uk/ontologies/atu/SoilPhysics.owl#PlanetaryPhenomena,,
https://w3id.org/eusoilvoc#PlantAvailableWaterCapacity,plant available water capacity,,The difference between soil water content at field capacity and at the permanent wilting point: AWC = FC − PWP.,soil physical capacity | soil water retention index,,http://imash.leeds.ac.uk/ontologies/atu/SoilPhysics.owl#PlantAvailableWaterCapacity,,https://doi.org/10.4324/9780203021231
https://w3id.org/eusoilvoc#PlantAvailableWaterContents,plant available water contents,plant available water content,,soil water contents,,http://imash.leeds.ac.uk/ontologies/atu/SoilPhysics.owl#PlantAvailableWaterContent,,
https://w3id.org/eusoilvoc#PlantCover,plant cover,,,land cover,,http://aims.fao.org/aos/agrovoc/c_25409 | http://imash.leeds.ac.uk/ontologies/atu/SoilPhysics.owl#PlantCover | https://soilwise-he.github.io/soil-health#PlantCover,http://opendata.inrae.fr/thesaurusINRAE/c_3326,
https://w3id.org/eusoilvoc#PlantNutrientUptake,plant nutrient uptake,,Nutrient uptake by plants.,soil agricultural functions,,http://imash.leeds.ac.uk/ontologies/atu/SoilPhysics.owl#PlantNutrientUptake,,http://imash.leeds.ac.uk/ontologies/atu/SoilPhysics.owl#PlantNutrientUptake
https://w3id.org/eusoilvoc#PlantPart,plant part,,,plant cover,,http://imash.leeds.ac.uk/ontologies/atu/SoilPhysics.owl#PlantPart | http://opendata.inrae.fr/thesaurusINRAE/c_26194 | https://soilwise-he.github.io/soil-health#PlantPart,,
https://w3id.org/eusoilvoc#PlantRespiration,plant respiration,,,soil agricultural functions,,http://imash.leeds.ac.uk/ontologies/atu/SoilPhysics.owl#PlantRespiration | http://opendata.inrae.fr/thesaurusINRAE/c_5853,,
https://w3id.org/eusoilvoc#PlantWaterUptake,plant water uptake,,Water uptake by plants.,soil agricultural functions,,http://imash.leeds.ac.uk/ontologies/atu/SoilPhysics.owl#PlantWaterUptake,,http://imash.leeds.ac.uk/ontologies/atu/SoilPhysics.owl#PlantWaterUptake
https://w3id.org/eusoilvoc#PlasticConsistence,plastic consistence,,The condition of a soil that is wet enough to be molded into different forms and shapes.,soil consistence,,http://imash.leeds.ac.uk/ontologies/atu/SoilPhysics.owl#PlasticConsistence,,https://doi.org/10.4324/9780203021231
https://w3id.org/eusoilvoc#PoreAbundance,pore abundance,pores abundance,"The Pores Abundance describes the quantity of soil pores, ranging from few to many. It influences water infiltration, root growth, and soil aeration. Pore abundance is crucial for assessing soil health and productivity. Source: Soil Survey Manual (USDA, 2017).",soil pores,,http://w3id.org/glosis/model/layerhorizon/poresAbundanceProperty,,http://w3id.org/glosis/model/layerhorizon/poresAbundanceProperty
https://w3id.org/eusoilvoc#porosityProcedure-Poros_calcul-pf0,Poros_calcul-pf0,,Porosity calculated from volumetric moisture content at pF 0 (1 cm),,soil porosity,http://w3id.org/glosis/model/procedure/porosityProcedure-Poros_calcul-pf0,,http://w3id.org/glosis/model/procedure/porosityProcedure-Poros_calcul-pf0
https://w3id.org/eusoilvoc#PorosityClass,porosity class,,"The Porosity Class classifies soil by the proportion of pore spaces, typically expressed as a percentage. Classes include high, medium, or low porosity, influencing water and air movement in the soil. Source: Soil Science Society of America (SSSA) Glossary.",soil description,,http://w3id.org/glosis/model/layerhorizon/porosityClassProperty,,http://w3id.org/glosis/model/layerhorizon/porosityClassProperty
https://w3id.org/eusoilvoc#Potassium,potassium,,,macronutrients,,http://aims.fao.org/aos/agrovoc/c_6139 | http://opendata.inrae.fr/thesaurusINRAE/c_15734 | https://soilwise-he.github.io/soil-health#Potassium,,
https://w3id.org/eusoilvoc#PotassiumExchangeableBases,potassium exchangeable bases,potassium exchangeable base,Potassium bound to exchange surfaces in the soil such as clay minerals and organic matter that can be released to the soil solution upon exchange,potassium,,http://w3id.org/glosis/model/codelists/physioChemicalPropertyCode-Potexc,,http://w3id.org/glosis/model/codelists/physioChemicalPropertyCode-Potexc
https://w3id.org/eusoilvoc#PotassiumExtractableElements,potassium extractable elements,,Potassium bound to the soil matrix but that can be released into the soil solution (i.e. become bio-available),potassium,,http://w3id.org/glosis/model/codelists/physioChemicalPropertyCode-Potext,,http://w3id.org/glosis/model/codelists/physioChemicalPropertyCode-Potext
https://w3id.org/eusoilvoc#PotassiumTotalElements,potassium total elements,,"Total potassium includes all forms of potassium in soil, such as mineral-bound, exchangeable, and water-soluble potassium. It plays a vital role in plant growth by regulating water balance, enzyme activation, and photosynthesis. While only a fraction of total potassium is readily available to plants, it serves as a reserve to replenish exchangeable potassium over time. Adequate potassium levels improve crop yield, quality, and resistance to stress. Source: Soil Science Society of America.",potassium,,http://w3id.org/glosis/model/codelists/physioChemicalPropertyCode-Pottot,,http://w3id.org/glosis/model/codelists/physioChemicalPropertyCode-Pottot
https://w3id.org/eusoilvoc#Precipitation,precipitation,,"Rain, snow, sleet, or hail that falls to or condenses on the ground.",water interchange,,http://aims.fao.org/aos/agrovoc/c_6161 | http://imash.leeds.ac.uk/ontologies/atu/SoilPhysics.owl#Precipitation | https://data.geoscience.earth/ncl/ISO11074v2025/3.339 | https://soilwise-he.github.io/soil-health#Precipitation,,http://imash.leeds.ac.uk/ontologies/atu/SoilPhysics.owl#Precipitation
https://w3id.org/eusoilvoc#ProfileControlledWaterInfiltration,profile controlled water infiltration,,Infiltration in which soil water-transmission properties determine the actual infiltration rate and cumulative infiltration because the water-application rate exceeds the instantaneous infiltration rate.,soil water infiltration,,http://imash.leeds.ac.uk/ontologies/atu/SoilPhysics.owl#ProfileControlledWaterInfiltration,,https://doi.org/10.4324/9780203021231
https://w3id.org/eusoilvoc#ProfileDescriptionStatus,profile description status,,"The Profile Description Status indicates the level of detail and accuracy in documenting the features of a soil profile, including its horizons, texture, structure, and other observable characteristics. This property ensures that the soil profile description meets standards for completeness, enabling reliable classification and analysis. It is a critical aspect of soil studies, providing the basis for land-use planning, environmental assessment, and agricultural decision-making. Source: Schoeneberger, P.J., Wysocki, D.A., Benham, E.C., & Soil Survey Staff. (2012). Field Book for Describing and Sampling Soils. USDA-NRCS.",soil description,,http://w3id.org/glosis/model/profile/profileDescriptionStatusProperty,,http://w3id.org/glosis/model/profile/profileDescriptionStatusProperty
https://w3id.org/eusoilvoc#ProvisioningServices,provisioning services,provisioning service,,ecosystem services,,http://aims.fao.org/aos/agrovoc/c_7e12eb3f | https://soilwise-he.github.io/soil-health#ProvisioningServices,,
https://w3id.org/eusoilvoc#Rain,rain,,,precipitation,,http://aims.fao.org/aos/agrovoc/c_6435 | http://imash.leeds.ac.uk/ontologies/atu/SoilPhysics.owl#Rain | http://opendata.inrae.fr/thesaurusINRAE/c_11627 | http://www.eionet.europa.eu/gemet/concept/6947,,
https://w3id.org/eusoilvoc#ReactiveSolutes,reactive solutes,reactive solute,"A solute that undergoes reversible or irreversible reactions with soil constituents through processes such as adsorption, precipitation, or dissolution.",nonconservative solutes,,http://imash.leeds.ac.uk/ontologies/atu/SoilPhysics.owl#ReactiveSolute,,https://doi.org/10.4324/9780203021231
https://w3id.org/eusoilvoc#RegulatingServices,regulating services,regulating service,,ecosystem services,,http://aims.fao.org/aos/agrovoc/c_eff3625d | https://soilwise-he.github.io/soil-health#RegulatingServices,,
https://w3id.org/eusoilvoc#ResidualShrinkage,residual shrinkage,,"The stage of soil shrinkage following normal shrinkage, in which further shrinkage results from compression and orientation of particles, air enters the soil, and the shrinkage-curve slope is less than one.",soil shrinkage,,http://imash.leeds.ac.uk/ontologies/atu/SoilPhysics.owl#ResidualShrinkage,,https://doi.org/10.4324/9780203021231
https://w3id.org/eusoilvoc#phosphorusRetentionProcedure-RetentP_blakemore,RetentP_blakemor,,P retention at ~pH4.6  (acc. Blakemore 1987),,phosphorus retention,http://w3id.org/glosis/model/procedure/phosphorusRetentionProcedure-RetentP_blakemore,,http://w3id.org/glosis/model/procedure/phosphorusRetentionProcedure-RetentP_blakemore
https://w3id.org/eusoilvoc#phosphorusRetentionProcedure-RetentP_unkn-spec,RetentP_unkn-spec,,Spectrally measured and converted to P retention (P buffer index),,phosphorus retention,http://w3id.org/glosis/model/procedure/phosphorusRetentionProcedure-RetentP_unkn-spec,,http://w3id.org/glosis/model/procedure/phosphorusRetentionProcedure-RetentP_unkn-spec
https://w3id.org/eusoilvoc#Road,road,,,pavements,,http://imash.leeds.ac.uk/ontologies/atu/SoilPhysics.owl#Road | http://opendata.inrae.fr/thesaurusINRAE/c_21732 | http://www.eionet.europa.eu/gemet/concept/7272,,
https://w3id.org/eusoilvoc#Rock,rock,,,fragments,,http://aims.fao.org/aos/agrovoc/c_6628 | http://opendata.inrae.fr/thesaurusINRAE/c_11600 | http://www.eionet.europa.eu/gemet/concept/7298,,
https://w3id.org/eusoilvoc#RockAbundance,rock abundance,,"The Rock Abundance refers to the proportion or percentage of rock fragments in the soil profile. High rock abundance can affect soil tillage, water retention, root penetration, and overall soil fertility. It is often used to assess land suitability for agriculture and vegetation. Source: FAO (2006). Guidelines for Soil Description (4th ed.). Food and Agriculture Organization of the United Nations.",rock,,http://w3id.org/glosis/model/common/rockAbundanceProperty,,http://w3id.org/glosis/model/common/rockAbundanceProperty
https://w3id.org/eusoilvoc#RockOutcropCover,rock outcrop cover,rock outcrops cover,"Rock Outcrops Cover measures the extent to which rock outcrops (exposed bedrock or rock masses) cover the landscape. The presence of rock outcrops can influence soil depth and water retention, as well as contribute to erosion and landscape stability, particularly in areas with minimal soil cover. Source: USDA NRCS, 'Soil Survey Manual'",rock outcrops,,http://w3id.org/glosis/model/siteplot/rockOutcropsCoverProperty,,http://w3id.org/glosis/model/siteplot/rockOutcropsCoverProperty
https://w3id.org/eusoilvoc#RockOutcropDistance,rock outcrop distance,rock outcrops distance,"Rock Outcrops Distance quantifies the distance from a given point or area to the nearest rock outcrop. The proximity to rock outcrops can influence soil development, with areas closer to outcrops often having thinner soils and higher vulnerability to erosion. Source: FAO, 'Soil Formation and Classification'",rock outcrops,,http://w3id.org/glosis/model/siteplot/rockOutcropsDistanceProperty,,http://w3id.org/glosis/model/siteplot/rockOutcropsDistanceProperty
https://w3id.org/eusoilvoc#RockOutcrops,rock outcrops,rock outcrop,,geology,,,,
https://w3id.org/eusoilvoc#RockShape,rock shape,,"The Rock Shape describes the physical form of rock fragments in the soil, which can range from angular to rounded. Angular rocks are generally a sign of recent weathering, while rounded rocks have been smoothed by long-term weathering processes. The shape of rocks influences soil texture, drainage, and tillage requirements. Source: FAO (2006). Guidelines for Soil Description (4th ed.). Food and Agriculture Organization of the United Nations.",rock,,http://w3id.org/glosis/model/common/rockShapeProperty,,http://w3id.org/glosis/model/common/rockShapeProperty
https://w3id.org/eusoilvoc#RockSize,rock size,,"The Rock Size refers to the dimensions of the rock fragments present in the soil. Rocks are typically classified by their size, from small gravel to large boulders. Larger rocks can limit root growth, hinder water infiltration, and complicate soil management practices. Source: Soil Science Society of America. (2008). Soil Science Glossary. Soil Science Society of America.",rock,,http://w3id.org/glosis/model/common/rockSizeProperty,,http://w3id.org/glosis/model/common/rockSizeProperty
https://w3id.org/eusoilvoc#RootAbundance,root abundance,roots abundance,"The Roots Abundance describes the quantity of plant roots within a soil profile, typically categorized as few, common, or many. Root abundance reflects plant-soil interactions, soil fertility, and the physical structure that supports vegetation. Source: Soil Survey Manual (USDA, 2017).",roots,,http://w3id.org/glosis/model/layerhorizon/rootsAbundanceProperty,,http://w3id.org/glosis/model/layerhorizon/rootsAbundanceProperty
https://w3id.org/eusoilvoc#RootBiomass,root biomass,,,biomass,,http://imash.leeds.ac.uk/ontologies/atu/SoilPhysics.owl#RootBiomass | http://opendata.inrae.fr/thesaurusINRAE/c_6400,,
https://w3id.org/eusoilvoc#RootGrowth,root growth,,,soil agricultural functions | soil biological processes,,http://imash.leeds.ac.uk/ontologies/atu/SoilPhysics.owl#RootGrowth | http://opendata.inrae.fr/thesaurusINRAE/c_6851 | https://soilwise-he.github.io/soil-health#RootGrowth,,
https://w3id.org/eusoilvoc#RootPresence,root presence,roots presence,"The Roots Presence identifies whether roots are visible in a soil profile or horizon. It indicates biological activity, soil health, and the suitability of the soil for plant growth. Roots are commonly observed during soil surveys and are classified by type and density. Source: Soil Survey Staff (2014). Keys to Soil Taxonomy.",roots,,http://w3id.org/glosis/model/layerhorizon/rootsPresenceProperty,,http://w3id.org/glosis/model/layerhorizon/rootsPresenceProperty
https://w3id.org/eusoilvoc#RootRespiration,root respiration,,"The oxidation of organic compounds by plant roots, accompanied by oxygen absorption and carbon dioxide release.",soil biological processes,,http://imash.leeds.ac.uk/ontologies/atu/SoilPhysics.owl#RootRespiration | http://opendata.inrae.fr/thesaurusINRAE/c_8243,,https://doi.org/10.4324/9780203021231
https://w3id.org/eusoilvoc#Roots,roots,root,,plant part,,http://aims.fao.org/aos/agrovoc/c_6651 | http://imash.leeds.ac.uk/ontologies/atu/SoilPhysics.owl#Root | https://soilwise-he.github.io/soil-health#Roots,,
https://w3id.org/eusoilvoc#Runoff,runoff,,,water interchange,,http://aims.fao.org/aos/agrovoc/c_35388 | http://imash.leeds.ac.uk/ontologies/atu/SoilPhysics.owl#Runoff | http://opendata.inrae.fr/thesaurusINRAE/c_4876 | http://www.eionet.europa.eu/gemet/concept/7340,,
https://w3id.org/eusoilvoc#Salinisation,salinisation,,,soil threats,,,https://soilwise-he.github.io/soil-health#SoilSalinisation,
https://w3id.org/eusoilvoc#SaltContents,salt contents,salt content,"The Salt Content measures the concentration of soluble salts in soil, critical for assessing salinity. Excess salts can hinder plant growth by affecting osmotic potential, leading to reduced water uptake by roots. Source: Brady, N.C., & Weil, R.R. (2008). The Nature and Properties of Soils.",soluble salts,,http://w3id.org/glosis/model/layerhorizon/saltContentProperty,,http://w3id.org/glosis/model/layerhorizon/saltContentProperty
https://w3id.org/eusoilvoc#SaltCover,salt cover,,"Salt cover refers to the accumulation of salts on the surface of the soil, often visible as a crystalline crust. This phenomenon occurs when capillary action causes soluble salts to move upwards through the soil, where they crystallize as water evaporates. Salt cover can interfere with seed germination, plant growth, and water infiltration, and is commonly found in arid and semi-arid regions with high evaporation rates. Source: Brady, N.C., & Weil, R.R. (2008). The Nature and Properties of Soils (14th ed.). Pearson Education.",salts,,http://w3id.org/glosis/model/surface/saltCoverProperty,,http://w3id.org/glosis/model/surface/saltCoverProperty
https://w3id.org/eusoilvoc#SaltIncrustation,salt incrustation,,,soil chemical processes,,http://imash.leeds.ac.uk/ontologies/atu/SoilPhysics.owl#SaltIncrustation,,
https://w3id.org/eusoilvoc#SaltPresence,salt presence,,"The salt presence of soil refers to the concentration of soluble salts, such as sodium, calcium, and magnesium, within the soil profile. High salt levels can lead to soil salinity, negatively affecting plant growth by altering water availability and soil structure. The presence of salts is typically measured using electrical conductivity (EC) or specific ion concentration tests. Soils with high salt presence are often found in arid regions where evaporation exceeds precipitation, leading to salt accumulation at or near the surface. Source: Rhoades, J.D., & Kandiah, A. (1992). Soil Salinity Management in Agriculture. Springer.",salts,,http://w3id.org/glosis/model/surface/saltPresenceProperty,,http://w3id.org/glosis/model/surface/saltPresenceProperty
https://w3id.org/eusoilvoc#SaltSieving,salt sieving,,"The restriction of salt passage by soil pores when water is forced through the soil, while the pores permit water molecules to pass.",soil phenomena,,http://imash.leeds.ac.uk/ontologies/atu/SoilPhysics.owl#SaltSieving,,https://doi.org/10.4324/9780203021231
https://w3id.org/eusoilvoc#SaltThickness,salt thickness,,"Salt thickness refers to the depth of the soil profile at which soluble salts are present in significant concentrations. This property is particularly important in regions subject to evaporation and capillary rise, where salts accumulate near the surface or at specific depths. Salt thickness can impact soil fertility and water retention, as the concentrated salts can inhibit root growth and water uptake. This property is commonly determined through soil sampling and electrical conductivity measurements at various depths. Source: United States Salinity Laboratory Staff. (1954). Diagnosis and Improvement of Saline and Alkali Soils. U.S. Department of Agriculture Handbook No. 60.",salts,,http://w3id.org/glosis/model/surface/saltThicknessProperty,,http://w3id.org/glosis/model/surface/saltThicknessProperty
https://w3id.org/eusoilvoc#Salts,salts,salt,"The Salt encompasses all forms of salts present in soil, including sodium chloride, calcium sulfate, and magnesium sulfate. It influences soil chemistry, structure, and plant tolerance to salinity. Source: FAO (2006). Guidelines for Soil Description.",soil chemical,,http://aims.fao.org/aos/agrovoc/c_33129 | http://w3id.org/glosis/model/layerhorizon/saltProperty | https://soilwise-he.github.io/soil-health#Salts,,http://w3id.org/glosis/model/layerhorizon/saltProperty
https://w3id.org/eusoilvoc#Sand,sand,,"The coarse soil fraction that forms the skeleton of the soil body, with particle diameters of 0.05–2.00 mm in the USDA system or 0.02–2.00 mm in the ISSS system.",soil primary particles,,http://aims.fao.org/aos/agrovoc/c_6779 | http://imash.leeds.ac.uk/ontologies/atu/SoilPhysics.owl#Sand | http://opendata.inrae.fr/thesaurusINRAE/c_11587 | http://www.eionet.europa.eu/gemet/concept/7413 | https://soilwise-he.github.io/soil-health#Sand,,https://doi.org/10.4324/9780203021231
https://w3id.org/eusoilvoc#SandyTexture,sandy texture,,"The Sandy Texture refers to soil dominated by sand particles (0.05–2.0 mm in diameter). Sandy soils are well-drained, low in nutrients, and prone to drought due to poor water retention. Source: Soil Science Society of America (SSSA) Glossary.",soil texture,,http://w3id.org/glosis/model/layerhorizon/sandyTextureProperty,,http://w3id.org/glosis/model/layerhorizon/sandyTextureProperty
https://w3id.org/eusoilvoc#SaturatedHydraulicConductivity,saturated hydraulic conductivity,,The ability of a porous soil medium to conduct water when all its pores are filled with water.,soil hydraulic conductivity,,http://imash.leeds.ac.uk/ontologies/atu/SoilPhysics.owl#SaturatedHydraulicConductivity | https://soilwise-he.github.io/soil-health#SaturatedHydraulicConductivity,,https://doi.org/10.4324/9780203021231
https://w3id.org/eusoilvoc#SaturatedVapourPressure,saturated vapour pressure,,"The pressure of water vapor at saturation, when liquid and vapor are in equilibrium and molecules escape from and condense into the liquid at equal rates.",soil vapour pressure,,http://imash.leeds.ac.uk/ontologies/atu/SoilPhysics.owl#SaturatedVaporPressure,,https://doi.org/10.4324/9780203021231
https://w3id.org/eusoilvoc#SaturatedWaterFlow,saturated water flow,,"Water flow through soil with constant water content, zero or nearly zero air content, and continuous water-filled flow paths.",soil water flow,,http://imash.leeds.ac.uk/ontologies/atu/SoilPhysics.owl#SaturatedWaterFlow,,https://doi.org/10.4324/9780203021231
https://w3id.org/eusoilvoc#Season,season,,,planetary phenomena,,http://imash.leeds.ac.uk/ontologies/atu/SoilPhysics.owl#Season | http://opendata.inrae.fr/thesaurusINRAE/c_11384 | http://www.eionet.europa.eu/gemet/concept/7529,,
https://w3id.org/eusoilvoc#SeedbedPreparation,seedbed preparation,,,soil management,,http://aims.fao.org/aos/agrovoc/c_6943 | http://imash.leeds.ac.uk/ontologies/atu/SoilPhysics.owl#SeedbedPreparation,,
https://w3id.org/eusoilvoc#SeedlingEmergence,seedling emergence,,,soil biological processes,,http://aims.fao.org/aos/agrovoc/c_2547 | http://imash.leeds.ac.uk/ontologies/atu/SoilPhysics.owl#SeedlingEmergence | http://opendata.inrae.fr/thesaurusINRAE/c_8199 | https://data.geoscience.earth/ncl/ISO11074v2025/3.434,,
https://w3id.org/eusoilvoc#SilicaSesquioxideRatio,silica sesquioxide ratio,,"An index of soil erodibility based on the relative proportions of silica (SiO2), the material being cemented, and sesquioxides (R2O3), the cementing agents.",soil erodibility index,,http://imash.leeds.ac.uk/ontologies/atu/SoilPhysics.owl#SilicaSesquioxideRatio,,https://doi.org/10.4324/9780203021231
https://w3id.org/eusoilvoc#Silt,silt,,"The intermediate soil-particle fraction that forms part of the soil skeleton, with particle diameters of 0.002–0.02 mm in the classification presented in the textbook.",soil primary particles,,http://aims.fao.org/aos/agrovoc/c_331558 | http://imash.leeds.ac.uk/ontologies/atu/SoilPhysics.owl#Silt | http://opendata.inrae.fr/thesaurusINRAE/c_11574 | http://www.eionet.europa.eu/gemet/concept/7698,,https://doi.org/10.4324/9780203021231
https://w3id.org/eusoilvoc#solubleSaltsProcedure-SlbAn_calcul-unkn,SlbAn_calcul-unk,,"Sum of soluble anions (Cl, SO4, HCO2, CO3, NO3, F)",,soluble salts,http://w3id.org/glosis/model/procedure/solubleSaltsProcedure-SlbAn_calcul-unkn,,http://w3id.org/glosis/model/procedure/solubleSaltsProcedure-SlbAn_calcul-unkn
https://w3id.org/eusoilvoc#solubleSaltsProcedure-SlbCat_calcul-unkn,SlbCat_calcul-unk,,"Sum of soluble cations (Ca, Mg, K, Na)",,soluble salts,http://w3id.org/glosis/model/procedure/solubleSaltsProcedure-SlbCat_calcul-unkn,,http://w3id.org/glosis/model/procedure/solubleSaltsProcedure-SlbCat_calcul-unkn
https://w3id.org/eusoilvoc#Sleet,sleet,,,precipitation,,http://aims.fao.org/aos/agrovoc/c_14332 | http://imash.leeds.ac.uk/ontologies/atu/SoilPhysics.owl#Sleet,,
https://w3id.org/eusoilvoc#Slope,slope,,,physiography,,http://aims.fao.org/aos/agrovoc/c_fa256eab | http://opendata.inrae.fr/thesaurusINRAE/c_1481 | http://www.eionet.europa.eu/gemet/concept/4186,https://soilwise-he.github.io/soil-health#Slopes,
https://w3id.org/eusoilvoc#SlopeForms,slope forms,slope form,"Slope Form describes the shape or curvature of a slope, including its concave, convex, or straight profile. Slope form affects water runoff, erosion rates, and soil accumulation, influencing both the fertility and stability of the soil in hilly or mountainous regions. Source: FAO, 'Soil and Water Conservation'",slope,,http://w3id.org/glosis/model/siteplot/slopeFormProperty,,http://w3id.org/glosis/model/siteplot/slopeFormProperty
https://w3id.org/eusoilvoc#SlopeGradient,slope gradient,,,slope,,,,
https://w3id.org/eusoilvoc#SlopeGradientClass,slope gradient class,,"Slope Gradient Class refers to the classification of slope steepness, such as flat, moderate, or steep, based on its angle. The gradient of a slope influences soil erosion rates, water drainage, and the suitability of land for agriculture, with steeper slopes typically being more prone to erosion. Source: USDA NRCS, 'Soil Erosion and Conservation'",soil description,,http://w3id.org/glosis/model/siteplot/slopeGradientClassProperty,,http://w3id.org/glosis/model/siteplot/slopeGradientClassProperty
https://w3id.org/eusoilvoc#SlopeGradientNumeric,slope gradient numeric,,"Slope Gradient Property refers to the numerical measurement of the steepness of a slope, usually expressed as a percentage or angle. This property is crucial in determining soil erosion potential, water runoff, and suitability for land use, as steeper slopes are more prone to erosion and less suitable for cultivation without proper soil conservation measures. Source: USDA NRCS, 'Soil Erosion and Conservation'",slope gradient,,http://w3id.org/glosis/model/siteplot/slopeGradientProperty,,http://w3id.org/glosis/model/siteplot/slopeGradientProperty
https://w3id.org/eusoilvoc#SlopeOrientation,slope orientation,,,slope,,,http://aims.fao.org/aos/agrovoc/c_1832474d,
https://w3id.org/eusoilvoc#SlopeOrientationClass,slope orientation class,,"Slope Orientation Class classifies the direction in which a slope faces (north, south, east, west) and can significantly affect local climate conditions, such as sunlight exposure, moisture, and temperature. For instance, south-facing slopes in the Northern Hemisphere receive more sunlight, influencing soil temperature, vegetation types, and soil moisture availability. Source: FAO, 'Soil and Water Conservation'",soil description,,http://w3id.org/glosis/model/siteplot/slopeOrientationClassProperty,,http://w3id.org/glosis/model/siteplot/slopeOrientationClassProperty
https://w3id.org/eusoilvoc#SlopeOrientationNumeric,slope orientation numeric,,"Slope Orientation refers to the precise directional orientation of a slope, measured in degrees from a cardinal direction (e.g., 0° for north, 180° for south). The slope orientation impacts factors such as solar radiation, evaporation rates, and vegetation cover, all of which affect soil temperature, moisture retention, and erosion potential. Source: USDA NRCS, 'Soil Erosion and Landscape Analysis'",slope orientation,,http://w3id.org/glosis/model/siteplot/slopeOrientationProperty,,http://w3id.org/glosis/model/siteplot/slopeOrientationProperty
https://w3id.org/eusoilvoc#SlopePathways,slope pathways,slope pathway,"Slope Pathways identifies the natural flow paths of water, sediment, or other materials across a slope. These pathways, often defined by the topography, influence how water moves, erodes soil, and accumulates nutrients or contaminants. Understanding these pathways is critical for effective erosion control and water management in sloped areas. Source: FAO, 'Soil Erosion and Conservation'",slope,,http://w3id.org/glosis/model/siteplot/slopePathwaysProperty,,http://w3id.org/glosis/model/siteplot/slopePathwaysProperty
https://w3id.org/eusoilvoc#Snow,snow,,,precipitation,,http://aims.fao.org/aos/agrovoc/c_7124 | http://imash.leeds.ac.uk/ontologies/atu/SoilPhysics.owl#Snow | http://opendata.inrae.fr/thesaurusINRAE/c_584 | http://www.eionet.europa.eu/gemet/concept/7769,,
https://w3id.org/eusoilvoc#Sodium,sodium,,,soil chemical properties,,http://aims.fao.org/aos/agrovoc/c_7145 | http://opendata.inrae.fr/thesaurusINRAE/c_15787 | https://soilwise-he.github.io/soil-health#Sodium,,
https://w3id.org/eusoilvoc#SodiumExchangeableBases,sodium exchangeable bases,sodium exchangeable base,Sodium bound to exchange surfaces in the soil such as clay minerals and organic matter that can be released to the soil solution upon exchange,sodium,,http://w3id.org/glosis/model/codelists/physioChemicalPropertyCode-Sodexp,,http://w3id.org/glosis/model/codelists/physioChemicalPropertyCode-Sodexp
https://w3id.org/eusoilvoc#SodiumExtractableElements,sodium extractable elements,,Sodium bound to the soil matrix but that can be released into the soil solution (i.e. become bio-available),sodium,,http://w3id.org/glosis/model/codelists/physioChemicalPropertyCode-Sodext,,http://w3id.org/glosis/model/codelists/physioChemicalPropertyCode-Sodext
https://w3id.org/eusoilvoc#SodiumTotalElements,sodium total elements,,"Total sodium includes all sodium present in soil, both soluble and bound. Excess sodium can lead to sodicity, which disrupts soil structure, reduces permeability, and impairs plant growth. Monitoring sodium levels is crucial for managing soil salinity in arid and irrigated regions. Source: Bohn, H.L., et al. (2001). Soil Chemistry.",sodium,,http://w3id.org/glosis/model/codelists/physioChemicalPropertyCode-Sodtot,,http://w3id.org/glosis/model/codelists/physioChemicalPropertyCode-Sodtot
https://w3id.org/eusoilvoc#SoftConsistence,soft consistence,,The condition of a visibly wet soil that is not trafficable and is prone to the formation of deep ruts.,soil consistence,,http://imash.leeds.ac.uk/ontologies/atu/SoilPhysics.owl#SoftConsistence,,https://doi.org/10.4324/9780203021231
https://w3id.org/eusoilvoc#Soil,soil,,"The uppermost layer of the Earth’s crust, supporting terrestrial life and forming the interface between the lithosphere and atmosphere.",,,http://aims.fao.org/aos/agrovoc/c_7156 | http://imash.leeds.ac.uk/ontologies/atu/SoilPhysics.owl#Soil | http://opendata.inrae.fr/thesaurusINRAE/c_1524 | http://www.eionet.europa.eu/gemet/concept/7843 | https://data.geoscience.earth/ncl/ISO11074v2025/3.448,https://soilwise-he.github.io/soil-health#Soils,https://doi.org/10.4324/9780203021231
https://w3id.org/eusoilvoc#SoilAbsorption,soil absorption,,,soil physical processes,,http://imash.leeds.ac.uk/ontologies/atu/SoilPhysics.owl#SoilAbsorption,,
https://w3id.org/eusoilvoc#SoilAcidification,soil acidification,,,soil chemical degradative processes | soil threats,,http://imash.leeds.ac.uk/ontologies/atu/SoilPhysics.owl#SoilAcidification | http://opendata.inrae.fr/thesaurusINRAE/c_900 | http://www.eionet.europa.eu/gemet/concept/7844 | https://soilwise-he.github.io/soil-health#SoilAcidification,,
https://w3id.org/eusoilvoc#SoilAdhesion,soil adhesion,,"The attraction of water to soil solids, through which water molecules adhere to soil particles.",soil physical properties,,http://imash.leeds.ac.uk/ontologies/atu/SoilPhysics.owl#SoilAdhesion,,https://doi.org/10.4324/9780203021231
https://w3id.org/eusoilvoc#SoilAdsorption,soil adsorption,,The process by which ions or molecules attach to the surfaces of soil solids.,soil chemical processes,,http://imash.leeds.ac.uk/ontologies/atu/SoilPhysics.owl#SoilAdsorption,,https://doi.org/10.4324/9780203021231
https://w3id.org/eusoilvoc#SoilAeration,soil aeration,,"The exchange of oxygen and carbon dioxide between the soil, including plant roots and soil microorganisms, and the atmosphere.",soil agricultural functions | soil air physical processes,,http://imash.leeds.ac.uk/ontologies/atu/SoilPhysics.owl#SoilAeration,,https://doi.org/10.4324/9780203021231
https://w3id.org/eusoilvoc#SoilAerationIndex,soil aeration index,,,soil structure index,,http://imash.leeds.ac.uk/ontologies/atu/SoilPhysics.owl#SoilAerationIndex,,
https://w3id.org/eusoilvoc#SoilAge,soil age,age of soil,,soil properties,,,http://aims.fao.org/aos/agrovoc/c_7157,
https://w3id.org/eusoilvoc#SoilAggregate,soil aggregate,,A naturally occurring cluster of soil particles whose internal binding forces are much stronger than the forces between adjacent aggregates.,soil components,,http://imash.leeds.ac.uk/ontologies/atu/SoilPhysics.owl#SoilAggregate,https://soilwise-he.github.io/soil-health#SoilAggregates,https://doi.org/10.4324/9780203021231
https://w3id.org/eusoilvoc#SoilAggregateDegree,soil aggregate degree,,,soil aggregate physical properties,,http://imash.leeds.ac.uk/ontologies/atu/SoilPhysics.owl#SoilAggregateDegree,,
https://w3id.org/eusoilvoc#SoilAggregateDispersion,soil aggregate dispersion,,"The separation of finer particles from soil macroaggregates, after which the separated particles occupy the interaggregate space.",soil physical processes,,http://imash.leeds.ac.uk/ontologies/atu/SoilPhysics.owl#SoilAggregateDispersion,,https://doi.org/10.4324/9780203021231
https://w3id.org/eusoilvoc#SoilAggregatePhysicalProperties,soil aggregate physical properties,soil aggregate physical property,physical property of soil aggregate,soil physical properties,,http://imash.leeds.ac.uk/ontologies/atu/SoilPhysics.owl#SoilAggregatePhysicalProperty,,http://imash.leeds.ac.uk/ontologies/atu/SoilPhysics.owl#SoilAggregatePhysicalProperty
https://w3id.org/eusoilvoc#SoilAggregateShape,soil aggregate shape,,,soil aggregate physical properties,,http://imash.leeds.ac.uk/ontologies/atu/SoilPhysics.owl#SoilAggregateShape,,
https://w3id.org/eusoilvoc#SoilAggregateSize,soil aggregate size,,,soil aggregate physical properties,,http://imash.leeds.ac.uk/ontologies/atu/SoilPhysics.owl#SoilAggregateSize,,
https://w3id.org/eusoilvoc#SoilAggregateSizeDistribution,soil aggregate size distribution,,,soil aggregate physical properties | soil aggregation index,,http://imash.leeds.ac.uk/ontologies/atu/SoilPhysics.owl#SoilAggregateSizeDistribution,,
https://w3id.org/eusoilvoc#SoilAggregateStability,soil aggregate stability,,A measure of a soil aggregate's resistance to breakdown.,soil aggregate physical properties,,http://imash.leeds.ac.uk/ontologies/atu/SoilPhysics.owl#SoilAggregateStability | https://soilwise-he.github.io/soil-health#SoilAggregateStability,,https://doi.org/10.4324/9780203021231
https://w3id.org/eusoilvoc#SoilAggregateStrength,soil aggregate strength,,The ability of soil aggregates to withstand disruptive forces.,soil aggregate physical properties | soil aggregation index,,http://imash.leeds.ac.uk/ontologies/atu/SoilPhysics.owl#SoilAggregateStrength,,https://doi.org/10.4324/9780203021231
https://w3id.org/eusoilvoc#SoilAggregation,soil aggregation,,The formation of soil aggregates or organomineral complexes from primary particles and humic and other bonding substances.,soil physical processes,,http://imash.leeds.ac.uk/ontologies/atu/SoilPhysics.owl#SoilAggregation | http://opendata.inrae.fr/thesaurusINRAE/c_1354 | https://soilwise-he.github.io/soil-health#SoilAggregation,,https://doi.org/10.4324/9780203021231
https://w3id.org/eusoilvoc#SoilAggregationDegree,soil aggregation degree,,,soil aggregate physical properties,,http://imash.leeds.ac.uk/ontologies/atu/SoilPhysics.owl#SoilAggregationDegree,,
https://w3id.org/eusoilvoc#SoilAggregationIndex,soil aggregation index,,,soil structure index,,http://imash.leeds.ac.uk/ontologies/atu/SoilPhysics.owl#SoilAggregationIndex,,
https://w3id.org/eusoilvoc#SoilAgriculturalFunctions,soil agricultural functions,soil agricultural function,"The roles of soil in sustaining agricultural biomass production, including support for root growth and the supply of water and nutrients to plants.",soil functions,,http://imash.leeds.ac.uk/ontologies/atu/SoilPhysics.owl#SoilAgriculturalFunction,,https://doi.org/10.4324/9780203021231
https://w3id.org/eusoilvoc#SoilAir,soil air,,Air occupying the air-filled pore space in soil.,soil components | soil gas,,http://aims.fao.org/aos/agrovoc/c_7158 | http://imash.leeds.ac.uk/ontologies/atu/SoilPhysics.owl#SoilAir | http://www.eionet.europa.eu/gemet/concept/7845,,https://doi.org/10.4324/9780203021231
https://w3id.org/eusoilvoc#SoilAirContents,soil air contents,soil air content,,soil air physical properties | soil contents,,http://imash.leeds.ac.uk/ontologies/atu/SoilPhysics.owl#SoilAirContent,,
https://w3id.org/eusoilvoc#SoilAirConvection,soil air convection,,The flow of air through soil caused by a difference in total pressure between soil air and the external atmosphere.,soil air flow,,http://imash.leeds.ac.uk/ontologies/atu/SoilPhysics.owl#SoilAirConvection,,https://doi.org/10.4324/9780203021231
https://w3id.org/eusoilvoc#SoilAirConvectiveFlow,soil air convective flow,,,soil air flow,,http://imash.leeds.ac.uk/ontologies/atu/SoilPhysics.owl#SoilAirConvectiveFlow,,
https://w3id.org/eusoilvoc#SoilAirDiffusion,soil air diffusion,,The random thermal movement of gas molecules from higher to lower concentration that maintains air exchange between soil and the surrounding atmosphere.,soil air flow,,http://imash.leeds.ac.uk/ontologies/atu/SoilPhysics.owl#SoilAirDiffusion,,https://doi.org/10.4324/9780203021231
https://w3id.org/eusoilvoc#SoilAirDiffusionCoefficient,soil air diffusion coefficient,,"The coefficient for diffusion in soil air, tabulated as Ds = 0.66 × D0 × fa and expressed in units of area per time.",soil aeration index,,http://imash.leeds.ac.uk/ontologies/atu/SoilPhysics.owl#SoilAirDiffusionCoefficient,,https://doi.org/10.4324/9780203021231
https://w3id.org/eusoilvoc#SoilAirExchange,soil air exchange,,"The exchange of oxygen and carbon dioxide between the soil, including plant roots and soil microorganisms, and the atmosphere. | the exchange of air between soil and the atmosphere",soil air physical processes,,http://imash.leeds.ac.uk/ontologies/atu/SoilPhysics.owl#SoilAirExchange,,https://doi.org/10.4324/9780203021231 | http://imash.leeds.ac.uk/ontologies/atu/SoilPhysics.owl#SoilAirExchange
https://w3id.org/eusoilvoc#SoilAirFlow,soil air flow,,Movement of air within soil and between soil and the atmosphere by convection driven by pressure differences and diffusion driven by concentration or partial-pressure gradients.,soil air movement,,http://imash.leeds.ac.uk/ontologies/atu/SoilPhysics.owl#SoilAirFlow,,https://doi.org/10.4324/9780203021231
https://w3id.org/eusoilvoc#SoilAirMovement,soil air movement,,Transport and exchange of air or gases within soil and between soil and the atmosphere by convection and diffusion.,soil air physical processes,,http://imash.leeds.ac.uk/ontologies/atu/SoilPhysics.owl#SoilAirMovement,,https://doi.org/10.4324/9780203021231
https://w3id.org/eusoilvoc#SoilAirPermeability,soil air permeability,,"The soil’s intrinsic permeability to air, expressed by the coefficient ka in Darcy’s relation qa = −(ka/ηa)(dp/dx), where qa is air-volume flux per area, ηa is air viscosity, and dp/dx is the pressure gradient.",soil permeability,,http://imash.leeds.ac.uk/ontologies/atu/SoilPhysics.owl#SoilAirPermeability,,https://doi.org/10.4324/9780203021231
https://w3id.org/eusoilvoc#SoilAirPhysicalProcesses,soil air physical processes,soil air physical process,physical process relating to soil and air,soil physical processes,,http://imash.leeds.ac.uk/ontologies/atu/SoilPhysics.owl#SoilAirPhysicalProcess,,http://imash.leeds.ac.uk/ontologies/atu/SoilPhysics.owl#SoilAirPhysicalProcess
https://w3id.org/eusoilvoc#SoilAirPhysicalProperties,soil air physical properties,soil air physical property,physical property relating to soil and air,soil physical properties,,http://imash.leeds.ac.uk/ontologies/atu/SoilPhysics.owl#SoilAirPhysicalProperty,,http://imash.leeds.ac.uk/ontologies/atu/SoilPhysics.owl#SoilAirPhysicalProperty
https://w3id.org/eusoilvoc#SoilAlgalCrusts,soil algal crusts,soil algal crust,,soil biological crusts,,http://imash.leeds.ac.uk/ontologies/atu/SoilPhysics.owl#SoilAlgalCrust,,
https://w3id.org/eusoilvoc#SoilAnionExclusion,soil anion exclusion,,A process opposite to adsorption in which the concentration in the soil solution is higher than in the solid phase.,soil chemical processes,,http://imash.leeds.ac.uk/ontologies/atu/SoilPhysics.owl#SoilAnionExclusion,,https://doi.org/10.4324/9780203021231
https://w3id.org/eusoilvoc#SoilApparentDensity,soil apparent density,,,soil density,,http://imash.leeds.ac.uk/ontologies/atu/SoilPhysics.owl#SoilApparentDensity,,
https://w3id.org/eusoilvoc#SoilAvailableWaterCapacity,soil available water capacity,,The difference between soil moisture content at field capacity and at the permanent wilting point: AWC = FC − PWP.,soil physical capacity,,http://imash.leeds.ac.uk/ontologies/atu/SoilPhysics.owl#SoilAvailableWaterCapacity,,https://doi.org/10.4324/9780203021231
https://w3id.org/eusoilvoc#SoilBearingCapacity,soil bearing capacity,,,soil engineering functions | soil physical capacity,,http://imash.leeds.ac.uk/ontologies/atu/SoilPhysics.owl#SoilBearingCapacity,,
https://w3id.org/eusoilvoc#SoilBiodiversityLoss,soil biodiversity loss,,,soil threats,,https://soilwise-he.github.io/soil-health#SoilSoilBiodiversityLoss,,
https://w3id.org/eusoilvoc#SoilBiologicalCrusts,soil biological crusts,soil biological crust,A soil-surface crust formed primarily by algal growth; also called a microbiotic crust.,soil crusts,,http://imash.leeds.ac.uk/ontologies/atu/SoilPhysics.owl#SoilBiologicalCrust,,https://doi.org/10.4324/9780203021231
https://w3id.org/eusoilvoc#SoilBiologicalDegradation,soil biological degradation,,,soil degradation,,https://soilwise-he.github.io/soil-health#SoilBiologicalDegradation,,
https://w3id.org/eusoilvoc#SoilBiologicalFunctions,soil biological functions,soil biological function,,soil functions,,https://soilwise-he.github.io/soil-health#SoilBiologicalFunctions,,
https://w3id.org/eusoilvoc#SoilBiologicalProcesses,soil biological processes,soil biological process,,soil processes,,http://imash.leeds.ac.uk/ontologies/atu/SoilPhysics.owl#SoilBiologicalProcess,,
https://w3id.org/eusoilvoc#SoilBiologicalProperties,soil biological properties,soil biological property,"This concerns soil properties related to the microbial and faunal activity in soil. These organisms include earthworms, nematodes, protozoa, fungi, bacteria and different arthropods. Soil biology plays a vital role in determining many soil characteristics, yet, being a relatively new science, much remains unknown about soil biology and about how the nature of soil is affected. | Soil biological properties refer to the biological components in the soil, including microbial life such as bacterial and fungal colonies, which are affected by changes in soil chemical and physical properties, such as acidity and organic matter content. These properties can be assessed through indicators like enzyme activities, which vary with management practices and land use.",soil properties,,https://soilwise-he.github.io/soil-health#SoilBiologicalProperties,,https://www.fao.org/soils-portal/data-hub/soil-properties/biological-properties/en/ | https://www.sciencedirect.com/topics/agricultural-and-biological-sciences/soil-biological-properties
https://w3id.org/eusoilvoc#SoilBiopore,soil biopore,,"A soil pore formed through interactions between soil and its biota, such as a root channel, wormhole, or animal burrow.",soil macropore,,http://imash.leeds.ac.uk/ontologies/atu/SoilPhysics.owl#SoilBiopore,,https://doi.org/10.4324/9780203021231
https://w3id.org/eusoilvoc#SoilBiota,soil biota,,"The living organisms inhabiting soil, comprising its flora and fauna.",soil biological properties,,http://imash.leeds.ac.uk/ontologies/atu/SoilPhysics.owl#SoilBiota | http://opendata.inrae.fr/thesaurusINRAE/c_5825 | http://www.eionet.europa.eu/gemet/concept/15297 | https://soilwise-he.github.io/soil-health#SoilBiota,,https://doi.org/10.4324/9780203021231
https://w3id.org/eusoilvoc#SoilBufferingCapacity,soil buffering capacity,,"The ability of soil to withstand or adapt to sudden perturbations, such as a change in soil reaction or pH.",soil chemical capacity,,http://imash.leeds.ac.uk/ontologies/atu/SoilPhysics.owl#SoilBufferingCapacity,,https://doi.org/10.4324/9780203021231
https://w3id.org/eusoilvoc#SoilBulkDensity,soil bulk density,,The ratio of the mass of soil solids to the total soil volume; also called apparent density.,soil density,,http://imash.leeds.ac.uk/ontologies/atu/SoilPhysics.owl#SoilBulkDensity,,https://doi.org/10.4324/9780203021231
https://w3id.org/eusoilvoc#SoilCarbonDensity,soil carbon density,,"Soil Carbon Density measures the amount of organic carbon stored in a given volume of soil, typically expressed in tons per hectare. This property is a key indicator of soil health, as organic carbon influences soil fertility, structure, and microbial activity, and plays a major role in carbon sequestration to mitigate climate change. Source: IPCC, 'Guidelines for National Greenhouse Gas Inventories'",soil organic carbon,,http://w3id.org/glosis/model/siteplot/soilCarbonDensityProperty,,http://w3id.org/glosis/model/siteplot/soilCarbonDensityProperty
https://w3id.org/eusoilvoc#SoilCarbonDioxideProduction,soil carbon dioxide production,,,soil biological processes | soil chemical processes,,http://imash.leeds.ac.uk/ontologies/atu/SoilPhysics.owl#SoilCarbonDioxideProduction,,
https://w3id.org/eusoilvoc#SoilChannel,soil channel,,,soil pores,,http://imash.leeds.ac.uk/ontologies/atu/SoilPhysics.owl#SoilChannel,,
https://w3id.org/eusoilvoc#SoilChargeDensity,soil charge density,,,soil charge properties,,http://imash.leeds.ac.uk/ontologies/atu/SoilPhysics.owl#SoilChargeDensity,,
https://w3id.org/eusoilvoc#SoilChargeProperties,soil charge properties,soil charge property,,soil chemical properties,,http://imash.leeds.ac.uk/ontologies/atu/SoilPhysics.owl#SoilChargeProperty,,
https://w3id.org/eusoilvoc#SoilChemical,soil chemical,,,soil substance,,http://imash.leeds.ac.uk/ontologies/atu/SoilPhysics.owl#SoilChemical,,
https://w3id.org/eusoilvoc#SoilChemicalCapacity,soil chemical capacity,,,soil chemical properties,,http://imash.leeds.ac.uk/ontologies/atu/SoilPhysics.owl#SoilChemicalCapacity,,
https://w3id.org/eusoilvoc#SoilChemicalCrusts,soil chemical crusts,soil chemical crust,"A crust formed on the soil surface by salt incrustation, as described for arid and semiarid regions.",soil crusts,,http://imash.leeds.ac.uk/ontologies/atu/SoilPhysics.owl#SoilChemicalCrust,,https://doi.org/10.4324/9780203021231
https://w3id.org/eusoilvoc#SoilChemicalDegradation,soil chemical degradation,,,soil degradation,,https://soilwise-he.github.io/soil-health#SoilChemicalDegradation,,
https://w3id.org/eusoilvoc#SoilChemicalDegradativeProcesses,soil chemical degradative processes,soil chemical degradative process,,soil chemical processes,,http://imash.leeds.ac.uk/ontologies/atu/SoilPhysics.owl#SoilChemicalDegradativeProcess,,
https://w3id.org/eusoilvoc#SoilChemicalFunctions,soil chemical functions,soil chemical function,,soil functions,,https://soilwise-he.github.io/soil-health#SoilChemicalFunctions,,
https://w3id.org/eusoilvoc#SoilChemicalProcesses,soil chemical processes,soil chemical process,,soil processes,,http://imash.leeds.ac.uk/ontologies/atu/SoilPhysics.owl#SoilChemicalProcess,,
https://w3id.org/eusoilvoc#SoilChemicalProperties,soil chemical properties,soil chemical property,"Chemical properties of soils include the following aspects: inorganic matters of soil, organic matters in soil, colloidal properties of soil particles and soil reactions and buffering action in acidic soils and basic soils. | Soil chemical properties refer to the chemical attributes of soil that influence its ability to supply nutrients to plants, retain harmful elements, and affect plant growth and microbial populations. These properties include nutrient concentrations, pH levels, and the presence of elements such as nitrogen, phosphorus, and potassium, which are critical for soil quality assessment and agricultural productivity.",soil properties,,http://imash.leeds.ac.uk/ontologies/atu/SoilPhysics.owl#SoilChemicalProperty | https://soilwise-he.github.io/soil-health#SoilChemicalProperties,,https://soilhealthnexus.org/resources/soil-properties/soil-chemical-properties/ | https://www.sciencedirect.com/topics/earth-and-planetary-sciences/soil-chemical-property
https://w3id.org/eusoilvoc#SoilChemicalReaction,soil chemical reaction,,,soil chemical processes,,http://imash.leeds.ac.uk/ontologies/atu/SoilPhysics.owl#SoilChemicalReaction,,
https://w3id.org/eusoilvoc#SoilChemicalTransport,soil chemical transport,,,soil agricultural functions,,http://imash.leeds.ac.uk/ontologies/atu/SoilPhysics.owl#SoilChemicalTransport,,
https://w3id.org/eusoilvoc#SoilClassification,soil classification,,,,,http://aims.fao.org/aos/agrovoc/c_7162 | http://opendata.inrae.fr/thesaurusINRAE/c_21207,,
https://w3id.org/eusoilvoc#SoilClassificationFAO,soil classification FAO,,,soil classification,,,,
https://w3id.org/eusoilvoc#SoilClassificationUSDA,soil classification USDA,,,soil classification,,,,
https://w3id.org/eusoilvoc#SoilClassificationWRB,soil classification WRB,,,soil classification,,,,
https://w3id.org/eusoilvoc#SoilClayContents,soil clay contents,soil clay content,"The proportion of soil particles in the clay-size fraction, expressed as a percentage; the clay fraction consists of particles smaller than 2 micrometres.",soil contents,,http://imash.leeds.ac.uk/ontologies/atu/SoilPhysics.owl#SoilClayContent,,https://doi.org/10.4324/9780203021231
https://w3id.org/eusoilvoc#SoilClayMineral,soil clay mineral,,A hydrous aluminum silicate mineral occurring in soil.,soil contents,,http://imash.leeds.ac.uk/ontologies/atu/SoilPhysics.owl#SoilClayMineral,,https://doi.org/10.4324/9780203021231
https://w3id.org/eusoilvoc#SoilClayMineralogy,soil clay mineralogy,,,soil physical properties,,http://imash.leeds.ac.uk/ontologies/atu/SoilPhysics.owl#SoilClayMineralogy,,
https://w3id.org/eusoilvoc#SoilCoating,soil coating,,,soil physical properties,,,,
https://w3id.org/eusoilvoc#SoilCohesion,soil cohesion,,The attraction and bonding between soil particles.,soil physical properties,,http://imash.leeds.ac.uk/ontologies/atu/SoilPhysics.owl#SoilCohesion | http://opendata.inrae.fr/thesaurusINRAE/c_11318,http://aims.fao.org/aos/agrovoc/c_7199,https://doi.org/10.4324/9780203021231
https://w3id.org/eusoilvoc#SoilCohesiveness,soil cohesiveness,,,soil physical properties,,http://imash.leeds.ac.uk/ontologies/atu/SoilPhysics.owl#SoilCohesiveness,http://opendata.inrae.fr/thesaurusINRAE/c_11318,
https://w3id.org/eusoilvoc#SoilCollapsing,soil collapsing,,,soil deformation,,http://imash.leeds.ac.uk/ontologies/atu/SoilPhysics.owl#SoilCollapsing,,
https://w3id.org/eusoilvoc#SoilColour,soil colour,,,soil physical properties,,http://imash.leeds.ac.uk/ontologies/atu/SoilPhysics.owl#SoilColor,,
https://w3id.org/eusoilvoc#SoilColourDry,soil colour dry,,"The Soil Colour Dry describes the color of soil when it is in a dry state. Soil color in the dry condition is influenced by the soil’s mineral composition and moisture content. For example, soils with high organic matter content typically appear dark brown or black when dry, while sandy or saline soils may appear lighter in color. Dry soil color is used in soil classification and can provide insights into the soil's composition and drainage. Source: Soil Science Society of America. (2008). Soil Science Glossary. Soil Science Society of America.",soil colour,,http://w3id.org/glosis/model/common/colourDryProperty,,http://w3id.org/glosis/model/common/colourDryProperty
https://w3id.org/eusoilvoc#SoilColourMoist,soil colour moist,,"The Soil Colour Moist refers to the soil's color when it is in a wet or moist condition. Moisture enhances the color intensity of the soil, which is often darker compared to its dry state. This is particularly helpful in determining organic matter content, iron oxide presence, and soil moisture retention. For instance, moist soils with abundant organic material tend to appear darker, whereas more mineral-rich soils can appear lighter in color. Source: Soil Science Society of America. (2008). Soil Science Glossary. Soil Science Society of America.",soil colour,,http://w3id.org/glosis/model/common/colourMoistProperty,,http://w3id.org/glosis/model/common/colourMoistProperty
https://w3id.org/eusoilvoc#SoilCompactability,soil compactability,,The difference between a soil's initial bulk density and the maximum bulk density to which it can be compacted by a given amount of energy at a defined moisture content.,soil physical properties,,http://imash.leeds.ac.uk/ontologies/atu/SoilPhysics.owl#SoilCompactability,,https://doi.org/10.4324/9780203021231
https://w3id.org/eusoilvoc#SoilCompaction,soil compaction,,"Compression and deformation of an unsaturated soil mass into a smaller volume, decreasing total porosity and macroporosity; the volume decrease occurs primarily through expulsion or compression of soil air.",soil compression | soil physical degradative processes | soil threats,,http://aims.fao.org/aos/agrovoc/c_7163 | http://imash.leeds.ac.uk/ontologies/atu/SoilPhysics.owl#SoilCompaction | http://opendata.inrae.fr/thesaurusINRAE/c_2004 | http://www.eionet.europa.eu/gemet/concept/7850 | https://soilwise-he.github.io/soil-health#SoilCompaction,,https://doi.org/10.4324/9780203021231
https://w3id.org/eusoilvoc#SoilComponents,soil components,soil component,"The constituent materials of soil: inorganic solids, organic solids, water, and air.",soil substance,,http://imash.leeds.ac.uk/ontologies/atu/SoilPhysics.owl#SoilComponent,,https://doi.org/10.4324/9780203021231
https://w3id.org/eusoilvoc#SoilCompressibility,soil compressibility,,The resistance of a soil to a decrease in volume under an external load. | resistance of a soil against volume decrease by external load.,soil physical properties,,http://imash.leeds.ac.uk/ontologies/atu/SoilPhysics.owl#SoilCompressibility,,https://doi.org/10.4324/9780203021231 | http://imash.leeds.ac.uk/ontologies/atu/SoilPhysics.owl#SoilCompressibility
https://w3id.org/eusoilvoc#SoilCompression,soil compression,,An increase in soil mass per unit volume caused by an external load.,soil densification | soil volume change,,http://imash.leeds.ac.uk/ontologies/atu/SoilPhysics.owl#SoilCompression,,https://doi.org/10.4324/9780203021231
https://w3id.org/eusoilvoc#SoilConsistence,soil consistence,,"The manifestation of cohesion and adhesion within soil over a range of moisture contents, expressed through its resistance to deformation, rupture or flow.",soil physical properties,,http://aims.fao.org/aos/agrovoc/c_0640b006 | http://imash.leeds.ac.uk/ontologies/atu/SoilPhysics.owl#SoilConsistence,,https://doi.org/10.4324/9780203021231
https://w3id.org/eusoilvoc#SoilConsistency,soil consistency,,"The expression of cohesion and adhesion within soil at different moisture contents, manifested in its resistance to deformation, rupture, or flow.",soil physical properties,,http://imash.leeds.ac.uk/ontologies/atu/SoilPhysics.owl#SoilConsistency,,https://doi.org/10.4324/9780203021231
https://w3id.org/eusoilvoc#SoilConsolidation,soil consolidation,,The densification of saturated soil through a reduction in volume caused by the expulsion of water.,soil compression,,http://imash.leeds.ac.uk/ontologies/atu/SoilPhysics.owl#SoilConsolidation | http://opendata.inrae.fr/thesaurusINRAE/c_11244,,https://doi.org/10.4324/9780203021231
https://w3id.org/eusoilvoc#SoilContaminants,soil contaminants,soil contaminant,,soil pollution,,https://soilwise-he.github.io/soil-health#SoilContaminants,,
https://w3id.org/eusoilvoc#SoilContents,soil contents,soil content,,soil physical properties,,http://imash.leeds.ac.uk/ontologies/atu/SoilPhysics.owl#SoilContent,,
https://w3id.org/eusoilvoc#SoilCrackDepth,soil crack depth,,"The Soil Crack Depth refers to the measurement of the vertical depth of cracks formed in soil, which is typically observed in dry conditions when the soil shrinks. Cracks are more common in clayey soils that experience significant shrinkage upon drying. The depth of these cracks can indicate soil moisture levels, compaction, and the ability of the soil to expand and contract, which affects water infiltration and root penetration. Source: McSweeney, K. (2009). Soil and Water Conservation Handbook. CRC Press.",soil cracks,,http://w3id.org/glosis/model/common/cracksDepthProperty,,http://w3id.org/glosis/model/common/cracksDepthProperty
https://w3id.org/eusoilvoc#SoilCrackDistance,soil crack distance,,"The Soil Crack Distance refers to the horizontal spacing between cracks in the soil surface, which can occur due to the shrinkage of soil as it dries. Cracks form when water content decreases, and their distance is an indicator of the soil's shrink-swell behavior. Larger distances between cracks generally indicate more severe soil shrinkage, which can affect root growth and water infiltration. Source: McSweeney, K. (2009). Soil and Water Conservation Handbook. CRC Press.",soil cracks,,http://w3id.org/glosis/model/common/cracksDistanceProperty,,http://w3id.org/glosis/model/common/cracksDistanceProperty
https://w3id.org/eusoilvoc#SoilCrackWidth,soil crack width,,"The Soil Crack Width refers to the measurement of the gap or space between the sides of soil cracks. The width of these cracks is typically influenced by soil moisture content and texture. Wider cracks are indicative of drier conditions and are commonly found in soils with high clay content, which tend to shrink and form deep cracks when the moisture content is reduced. Source: McSweeney, K. (2009). Soil and Water Conservation Handbook. CRC Press.",soil cracks,,http://w3id.org/glosis/model/common/cracksWidthProperty,,http://w3id.org/glosis/model/common/cracksWidthProperty
https://w3id.org/eusoilvoc#SoilCracking,soil cracking,,"Soil failure through crack formation, occurring when the energy released by a crack exceeds the increase in surface energy associated with the new surfaces.",soil failure | soil physical processes,,http://aims.fao.org/aos/agrovoc/c_32597 | http://imash.leeds.ac.uk/ontologies/atu/SoilPhysics.owl#SoilCracking,,https://doi.org/10.4324/9780203021231
https://w3id.org/eusoilvoc#SoilCrackingIntensity,soil cracking intensity,,,soil cracking physical properties,,http://imash.leeds.ac.uk/ontologies/atu/SoilPhysics.owl#SoilCrackingIntensity,,
https://w3id.org/eusoilvoc#SoilCrackingNumber,soil cracking number,,The number of soil cracks per unit area. | number of cracks per unit area formed in a soil,soil cracking physical properties,,http://imash.leeds.ac.uk/ontologies/atu/SoilPhysics.owl#SoilCrackingNumber,,https://doi.org/10.4324/9780203021231 | http://imash.leeds.ac.uk/ontologies/atu/SoilPhysics.owl#SoilCrackingNumber
https://w3id.org/eusoilvoc#SoilCrackingPhysicalProperties,soil cracking physical properties,soil cracking physical property,physical property for describing soil cracking,soil physical properties,,http://imash.leeds.ac.uk/ontologies/atu/SoilPhysics.owl#SoilCrackingPhysicalProperty,,http://imash.leeds.ac.uk/ontologies/atu/SoilPhysics.owl#SoilCrackingPhysicalProperty
https://w3id.org/eusoilvoc#SoilCracks,soil cracks,soil crack,"Openings in soil that can form through shrinkage of clayey soil, chemical weathering of bedrock, cultivation, or freeze-thaw cycling.",soil macropore,,http://imash.leeds.ac.uk/ontologies/atu/SoilPhysics.owl#SoilCrack,,https://doi.org/10.4324/9780203021231
https://w3id.org/eusoilvoc#SoilCrustDensity,soil crust density,,,soil crust physical properties,,http://imash.leeds.ac.uk/ontologies/atu/SoilPhysics.owl#SoilCrustDensity,,
https://w3id.org/eusoilvoc#SoilCrustFormation,soil crust formation,,"The process in which soil aggregates disperse, followed by particle orientation and hardening through desiccation to form a crust.",soil chemical degradative processes | soil physical degradative processes,,http://imash.leeds.ac.uk/ontologies/atu/SoilPhysics.owl#SoilCrustFormation,,https://doi.org/10.4324/9780203021231
https://w3id.org/eusoilvoc#SoilCrustPhysicalProperties,soil crust physical properties,soil crust physical property,physical property for describing soil crust,soil physical properties,,http://imash.leeds.ac.uk/ontologies/atu/SoilPhysics.owl#SoilCrustPhysicalProperty,,http://imash.leeds.ac.uk/ontologies/atu/SoilPhysics.owl#SoilCrustPhysicalProperty
https://w3id.org/eusoilvoc#SoilCrustStrength,soil crust strength,,"The breaking strength of a soil crust, operationally assessed by the modulus of rupture: the maximum force per unit area that a soil specimen prepared to simulate crust formation can withstand without breaking. For a rectangular briquette, the modulus of rupture is 3Fl/(2bd²), where F is the failure force, l the briquette length, b its breadth, and d its thickness.",soil crust physical properties,,http://imash.leeds.ac.uk/ontologies/atu/SoilPhysics.owl#SoilCrustStrength,,https://doi.org/10.4324/9780203021231
https://w3id.org/eusoilvoc#SoilCrustThickness,soil crust thickness,,,soil crust physical properties,,http://imash.leeds.ac.uk/ontologies/atu/SoilPhysics.owl#SoilCrustThickness,,
https://w3id.org/eusoilvoc#SoilCrusting,soil crusting,,"The formation of a thin soil-surface crust through disruption of aggregates at the soil-air interface, followed by dispersion, particle reorientation, and drying or desiccation.",soil chemical degradative processes | soil physical degradative processes,,http://imash.leeds.ac.uk/ontologies/atu/SoilPhysics.owl#SoilCrusting | https://soilwise-he.github.io/soil-health#SoilCrusting,,https://doi.org/10.4324/9780203021231
https://w3id.org/eusoilvoc#SoilCrusts,soil crusts,soil crust,"A thin, dense layer on the soil surface characterized by low porosity, high density, and low permeability to air and water.",soil substance,,http://aims.fao.org/aos/agrovoc/c_26766 | http://imash.leeds.ac.uk/ontologies/atu/SoilPhysics.owl#SoilCrust,,https://doi.org/10.4324/9780203021231
https://w3id.org/eusoilvoc#SoilDeformation,soil deformation,,A change in the shape or arrangement of soil under applied stress as its solid particles separate and move relative to one another; the change may be recoverable or permanent.,soil physical processes,,http://imash.leeds.ac.uk/ontologies/atu/SoilPhysics.owl#SoilDeformation | https://soilwise-he.github.io/soil-health#SoilDeformation,,https://doi.org/10.4324/9780203021231
https://w3id.org/eusoilvoc#SoilDegradation,soil degradation,,A decline in soil quality such that the soil cannot perform one or several of its principal functions.,soil chemical degradative processes | soil physical degradative processes | soil threats,,http://aims.fao.org/aos/agrovoc/c_7168 | http://imash.leeds.ac.uk/ontologies/atu/SoilPhysics.owl#SoilDegradation | http://opendata.inrae.fr/thesaurusINRAE/c_960 | http://www.eionet.europa.eu/gemet/concept/7857 | https://soilwise-he.github.io/soil-health#SoilDegradation,,https://doi.org/10.4324/9780203021231
https://w3id.org/eusoilvoc#SoilDenitrification,soil denitrification,,"The anaerobic reduction of nitrate in flooded or saturated soil through nitrite and nitrous oxide toward elemental nitrogen, decreasing soil nitrate content and producing gaseous nitrogen compounds.",soil oxidation reduction reaction,,http://imash.leeds.ac.uk/ontologies/atu/SoilPhysics.owl#SoilDenitrification,,https://doi.org/10.4324/9780203021231
https://w3id.org/eusoilvoc#SoilDensification,soil densification,,,soil physical processes,,http://imash.leeds.ac.uk/ontologies/atu/SoilPhysics.owl#SoilDensification,,
https://w3id.org/eusoilvoc#SoilDensity,soil density,,The ratio of soil mass to soil volume.,soil physical properties,,http://aims.fao.org/aos/agrovoc/c_7167 | http://imash.leeds.ac.uk/ontologies/atu/SoilPhysics.owl#SoilDensity,http://opendata.inrae.fr/thesaurusINRAE/c_317,https://doi.org/10.4324/9780203021231
https://w3id.org/eusoilvoc#SoilDepositionalCrusts,soil depositional crusts,soil depositional crust,A soil-surface crust formed by the transport and deposition of fine particles by surface flow.,soil physical crusts,,http://imash.leeds.ac.uk/ontologies/atu/SoilPhysics.owl#SoilDepositionalCrust,,https://doi.org/10.4324/9780203021231
https://w3id.org/eusoilvoc#SoilDepth,soil depth,,"The Soil Depth measures the vertical distance from the soil surface to an impenetrable layer, such as bedrock or a hardpan. Soil depth is a crucial factor influencing root development, water storage, and plant growth. Shallow soils may limit root growth, while deep soils can support more extensive root systems. Source: Brady, N. C., & Weil, R. R. (2008). The Nature and Properties of Soils (14th ed.). Pearson Prentice Hall.",soil spatial properties,,http://aims.fao.org/aos/agrovoc/c_0c184d6f | http://imash.leeds.ac.uk/ontologies/atu/SoilPhysics.owl#SoilDepth | http://w3id.org/glosis/model/common/soilDepthProperty | https://soilwise-he.github.io/soil-health#SoilDepth,,http://w3id.org/glosis/model/common/soilDepthProperty
https://w3id.org/eusoilvoc#SoilDepthBedrock,soil depth bedrock,,"The Soil Depth Bedrock refers to the distance from the soil surface to the underlying bedrock layer. This measurement is important for understanding the soil's capacity to support plant growth, as soils with shallow bedrock tend to have limited rooting depth, affecting water retention and nutrient availability. Source: FAO (2006). Guidelines for Soil Description (4th ed.). Food and Agriculture Organization of the United Nations.",soil depth,,http://w3id.org/glosis/model/common/soilDepthBedrockProperty,,http://w3id.org/glosis/model/common/soilDepthBedrockProperty
https://w3id.org/eusoilvoc#SoilDepthRootable,soil depth rootable,,"The Soil Depth Rootable refers to the actual vertical depth of soil that can support plant roots, excluding any non-rootable layers such as bedrock or a water-impervious horizon. This depth is crucial for determining the suitability of land for agriculture and vegetation. Source: Soil Science Society of America. (2008). Soil Science Glossary. Soil Science Society of America.",soil depth,,http://w3id.org/glosis/model/common/soilDepthRootableProperty,,http://w3id.org/glosis/model/common/soilDepthRootableProperty
https://w3id.org/eusoilvoc#SoilDepthRootableClass,soil depth rootable class,,"The Soil Depth Rootable Class classifies soils based on the depth of the rootable zone, which excludes impenetrable layers such as bedrock or compacted horizons. Soils are typically classified as shallow, moderately deep, or deep, depending on the depth of the root zone, which directly affects plant growth. Source: FAO (2006). Guidelines for Soil Description (4th ed.). Food and Agriculture Organization of the United Nations.",soil description,,http://w3id.org/glosis/model/common/soilDepthRootableClassProperty,,http://w3id.org/glosis/model/common/soilDepthRootableClassProperty
https://w3id.org/eusoilvoc#SoilDepthSampled,soil depth sampled,,"The Soil Depth Sampled indicates the specific depth of the soil profile that has been sampled for analysis. This property is important for understanding the representativeness of the sample, as different soil horizons may vary significantly in properties such as texture, fertility, and moisture content. Source: Soil Science Society of America. (2008). Soil Science Glossary. Soil Science Society of America.",soil depth,,http://w3id.org/glosis/model/common/soilDepthSampledProperty,,http://w3id.org/glosis/model/common/soilDepthSampledProperty
https://w3id.org/eusoilvoc#SoilDescription,soil description,,,,,,,
https://w3id.org/eusoilvoc#SoilDesertification,soil desertification,,,soil chemical processes | soil physical processes,,http://imash.leeds.ac.uk/ontologies/atu/SoilPhysics.owl#SoilDesertification,,
https://w3id.org/eusoilvoc#SoilDesiccation,soil desiccation,,,soil drying,,http://imash.leeds.ac.uk/ontologies/atu/SoilPhysics.owl#SoilDesiccation,,
https://w3id.org/eusoilvoc#SoilDispersibility,soil dispersibility,,,soil physical properties,,http://imash.leeds.ac.uk/ontologies/atu/SoilPhysics.owl#SoilDispersibility,,
https://w3id.org/eusoilvoc#SoilDispersion,soil dispersion,,"The breakdown of flocculated soil colloids into particles suspended in water, reversing flocculation; also called deflocculation or peptization.",soil physical processes,,http://imash.leeds.ac.uk/ontologies/atu/SoilPhysics.owl#SoilDispersion,,https://doi.org/10.4324/9780203021231
https://w3id.org/eusoilvoc#SoilDrainage,soil drainage,,"The removal of excess water from soil, through surface or subsurface pathways; under free drainage, gravity transfers the water from upper soil layers to lower layers.",soil engineering functions | soil management | soil water transmission index,,http://imash.leeds.ac.uk/ontologies/atu/SoilPhysics.owl#SoilDrainage,,https://doi.org/10.4324/9780203021231
https://w3id.org/eusoilvoc#SoilDrySpecificVolume,soil dry specific volume,,"The reciprocal of dry soil bulk density, expressing soil volume per unit dry mass.",soil density,,http://imash.leeds.ac.uk/ontologies/atu/SoilPhysics.owl#SoilDrySpecificVolume,,https://doi.org/10.4324/9780203021231
https://w3id.org/eusoilvoc#SoilDrying,soil drying,,"The loss of water from soil by evaporation, depleting its moisture reserves.",soil water physical processes,,http://imash.leeds.ac.uk/ontologies/atu/SoilPhysics.owl#SoilDrying,,https://doi.org/10.4324/9780203021231
https://w3id.org/eusoilvoc#SoilEcologicalDegradation,soil ecological degradation,,,soil degradation,,https://soilwise-he.github.io/soil-health#SoilEcologicalDegradation,,
https://w3id.org/eusoilvoc#SoilElasticity,soil elasticity,,"The behavior by which soil deforms instantaneously under stress, retains the changed form while the stress acts, and returns toward its original form when the stress is released; soil need not be perfectly elastic and may retain residual deformation.",soil physical properties,,http://imash.leeds.ac.uk/ontologies/atu/SoilPhysics.owl#SoilElasticity,,https://doi.org/10.4324/9780203021231
https://w3id.org/eusoilvoc#SoilElectricalCapacitance,soil electrical capacitance,,"The ratio of electric charge Q acquired by each capacitor plate to potential difference V, C = Q/V, measured in a capacitor whose dielectric includes moist soil.",soil physical properties,,http://imash.leeds.ac.uk/ontologies/atu/SoilPhysics.owl#SoilElectricalCapacitance,,https://doi.org/10.4324/9780203021231
https://w3id.org/eusoilvoc#SoilElectricalConductivity,soil electrical conductivity,,"Electrical conductivity (EC) measures the ability of soil to conduct an electrical current, which is directly related to the concentration of soluble salts. It is an essential indicator of soil salinity and is used to assess soil's suitability for crop growth. High EC levels can reduce plant water uptake and affect germination, while low levels indicate low salinity and better soil health. Source: USDA NRCS.",soil physical properties,,http://imash.leeds.ac.uk/ontologies/atu/SoilPhysics.owl#SoilElectricalConductivity | http://w3id.org/glosis/model/codelists/physioChemicalPropertyCode-Eleccond,,http://w3id.org/glosis/model/codelists/physioChemicalPropertyCode-Eleccond
https://w3id.org/eusoilvoc#SoilEngineeringFunctions,soil engineering functions,soil engineering function,"Roles performed by soil in engineering, including providing foundations for civil structures and supplying raw materials for industrial uses.",soil functions,,http://imash.leeds.ac.uk/ontologies/atu/SoilPhysics.owl#SoilEngineeringFunction,,https://doi.org/10.4324/9780203021231
https://w3id.org/eusoilvoc#SoilEnvironmentalFunctions,soil environmental functions,soil environmental function,"Roles performed by soil in moderating environmental quality, including maintaining air and water quality and treating or remediating wastes and pollutants.",soil functions,,http://imash.leeds.ac.uk/ontologies/atu/SoilPhysics.owl#SoilEnvironmentalFunction,,https://doi.org/10.4324/9780203021231
https://w3id.org/eusoilvoc#SoilErodibility,soil erodibility,,,soil physical properties,,http://imash.leeds.ac.uk/ontologies/atu/SoilPhysics.owl#SoilErodibility | https://soilwise-he.github.io/soil-health#SoilErodibility,,
https://w3id.org/eusoilvoc#SoilErodibilityIndex,soil erodibility index,,"The index Ie = 1/(Ir × k), where Ir is the index of resistance against water erosion and k is soil permeability.",soil structure indirect index,,http://imash.leeds.ac.uk/ontologies/atu/SoilPhysics.owl#SoilErodibilityIndex,,https://doi.org/10.4324/9780203021231
https://w3id.org/eusoilvoc#SoilErosion,soil erosion,,,soil physical degradative processes | soil threats,,http://imash.leeds.ac.uk/ontologies/atu/SoilPhysics.owl#SoilErosion | http://opendata.inrae.fr/thesaurusINRAE/c_1543 | http://www.eionet.europa.eu/gemet/concept/7858 | https://soilwise-he.github.io/soil-health#SoilErosion,http://aims.fao.org/aos/agrovoc/c_2651,
https://w3id.org/eusoilvoc#SoilErosionActivityPeriod,soil erosion activity period,,"Soil Erosion Activity Period refers to the time frame during which soil erosion processes, such as wind or water erosion, are most active in a given area. This period is influenced by climatic conditions, seasonal rainfall, and land use, and it helps in assessing the vulnerability of soils to degradation. Source: USDA NRCS, 'Soil Erosion and Conservation'",soil erosion,,http://w3id.org/glosis/model/siteplot/erosionActivityPeriodProperty,,http://w3id.org/glosis/model/siteplot/erosionActivityPeriodProperty
https://w3id.org/eusoilvoc#SoilErosionAreaAffected,soil erosion area affected,,"Soil Erosion Area Affected refers to the extent of land area that has been impacted by soil erosion processes, such as water or wind erosion. This property is important for evaluating the severity of soil degradation in a given region and helps in identifying areas that require soil conservation measures. Source: USDA NRCS, 'Soil Erosion Research and Technology Transfer'",soil erosion,,http://w3id.org/glosis/model/siteplot/erosionAreaAffectedProperty,,http://w3id.org/glosis/model/siteplot/erosionAreaAffectedProperty
https://w3id.org/eusoilvoc#SoilErosionCategory,soil erosion category,,"Soil Erosion Category classifies the type and severity of erosion in a given area. Categories are often based on the nature of the erosive forces (e.g., water, wind) and the degree of soil loss, ranging from slight to severe. This classification aids in prioritizing conservation efforts and understanding the potential impacts on soil quality. Source: FAO, 'Soil Erosion and Conservation'",soil erosion,,http://w3id.org/glosis/model/siteplot/erosionCategoryProperty,,http://w3id.org/glosis/model/siteplot/erosionCategoryProperty
https://w3id.org/eusoilvoc#SoilErosionDegree,soil erosion degree,,"Soil Erosion Degree refers to the level of intensity or severity of soil erosion in an area, categorized into classes such as slight, moderate, or severe. The degree of erosion helps in assessing the extent of soil degradation and informs decisions on soil conservation and land management. Source: FAO, 'Soil Erosion and Conservation'",soil erosion,,http://w3id.org/glosis/model/siteplot/erosionDegreeProperty,,http://w3id.org/glosis/model/siteplot/erosionDegreeProperty
https://w3id.org/eusoilvoc#SoilErosionTotalAreaAffected,soil erosion total area affected,,"Soil Erosion Total Area Affected quantifies the total land area affected by erosion processes. It is an important measure in understanding the broader impact of erosion on soil health, productivity, and ecosystem services across a landscape. Source: USDA NRCS, 'Soil Erosion and Landscape Analysis'",soil erosion,,http://w3id.org/glosis/model/siteplot/erosionTotalAreaAffectedProperty,,http://w3id.org/glosis/model/siteplot/erosionTotalAreaAffectedProperty
https://w3id.org/eusoilvoc#SoilFailure,soil failure,,,soil phenomena,,http://imash.leeds.ac.uk/ontologies/atu/SoilPhysics.owl#SoilFailure,,
https://w3id.org/eusoilvoc#SoilFauna,soil fauna,,,soil organisms,,http://aims.fao.org/aos/agrovoc/c_7169 | http://imash.leeds.ac.uk/ontologies/atu/SoilPhysics.owl#SoilFauna | http://opendata.inrae.fr/thesaurusINRAE/c_5616 | https://soilwise-he.github.io/soil-health#SoilFauna,,
https://w3id.org/eusoilvoc#SoilFieldMoistureCapacity,soil field moisture capacity,,"The soil moisture content reached after a soil has been thoroughly wetted and allowed to drain freely under gravity without loss by evaporation, with transmission pores drained and their water replaced by air.",soil moisture contents,,http://imash.leeds.ac.uk/ontologies/atu/SoilPhysics.owl#SoilFieldMoistureCapacity,,https://doi.org/10.4324/9780203021231
https://w3id.org/eusoilvoc#SoilFilteringCapacity,soil filtering capacity,,The ability of soil to remove pollutants from percolating water by denaturing pollutants or mechanically sieving suspended particles.,soil chemical capacity,,http://imash.leeds.ac.uk/ontologies/atu/SoilPhysics.owl#SoilFilteringCapacity,,https://doi.org/10.4324/9780203021231
https://w3id.org/eusoilvoc#SoilFlocculation,soil flocculation,,"The sticking together of colloidal soil particles into loose, irregular clusters called floccules, also termed coagulation.",soil physical processes,,http://imash.leeds.ac.uk/ontologies/atu/SoilPhysics.owl#SoilFlocculation,,https://doi.org/10.4324/9780203021231
https://w3id.org/eusoilvoc#SoilFlow,soil flow,,,soil failure,,http://imash.leeds.ac.uk/ontologies/atu/SoilPhysics.owl#SoilFlow,,
https://w3id.org/eusoilvoc#SoilFluid,soil fluid,,,soil components,,http://imash.leeds.ac.uk/ontologies/atu/SoilPhysics.owl#SoilFluid,,
https://w3id.org/eusoilvoc#SoilFluidMovement,soil fluid movement,,,soil movement,,http://imash.leeds.ac.uk/ontologies/atu/SoilPhysics.owl#SoilFluidMovement,,
https://w3id.org/eusoilvoc#SoilFluidRetention,soil fluid retention,,,soil retention | soil water physical processes,,http://imash.leeds.ac.uk/ontologies/atu/SoilPhysics.owl#SoilFluidRetention,,
https://w3id.org/eusoilvoc#SoilFluidTransmission,soil fluid transmission,,,soil transport,,http://imash.leeds.ac.uk/ontologies/atu/SoilPhysics.owl#SoilFluidTransmission,,
https://w3id.org/eusoilvoc#SoilFluidTransport,soil fluid transport,,,soil transport | soil water physical processes,,http://imash.leeds.ac.uk/ontologies/atu/SoilPhysics.owl#SoilFluidTransport,,
https://w3id.org/eusoilvoc#SoilFormation,soil formation,,,soil physical processes,,http://opendata.inrae.fr/thesaurusINRAE/c_270 | http://www.eionet.europa.eu/gemet/concept/7862 | https://soilwise-he.github.io/soil-health#SoilFormation,http://aims.fao.org/aos/agrovoc/c_7173,
https://w3id.org/eusoilvoc#SoilFragmentation,soil fragmentation,,,soil failure,,http://imash.leeds.ac.uk/ontologies/atu/SoilPhysics.owl#SoilFragmentation,,
https://w3id.org/eusoilvoc#SoilFreezing,soil freezing,,The conversion of liquid water within soil pores into ice.,soil water physical processes,,http://imash.leeds.ac.uk/ontologies/atu/SoilPhysics.owl#SoilFreezing,,https://doi.org/10.4324/9780203021231
https://w3id.org/eusoilvoc#SoilFunctionIndicators,soil function indicators,soil function indicator,,soil indicators,,https://soilwise-he.github.io/soil-health#SoilFunctionIndicators,,
https://w3id.org/eusoilvoc#SoilFunctions,soil functions,soil function,"Roles performed by soil, including sustaining biomass, providing habitat and biodiversity, cycling elements, moderating environmental quality, supporting engineering uses, and preserving records, landscapes, and cultural heritage.",,,http://aims.fao.org/aos/agrovoc/c_e5629cbd | http://imash.leeds.ac.uk/ontologies/atu/SoilPhysics.owl#SoilFunction | https://soilwise-he.github.io/soil-health#SoilFunctions,,https://doi.org/10.4324/9780203021231
https://w3id.org/eusoilvoc#SoilGas,soil gas,,"The gaseous component of soil, consisting of a mixture of major gases such as nitrogen and oxygen and trace gases such as carbon dioxide, methane, and nitrous oxide.",soil components,,http://imash.leeds.ac.uk/ontologies/atu/SoilPhysics.owl#SoilGas | http://opendata.inrae.fr/thesaurusINRAE/c_4508 | https://data.geoscience.earth/ncl/ISO11074v2025/3.454,,https://doi.org/10.4324/9780203021231
https://w3id.org/eusoilvoc#SoilGaseousEmission,soil gaseous emission,,Gaseous emission from soil to the atmosphere.,soil air physical processes | soil environmental functions,,http://imash.leeds.ac.uk/ontologies/atu/SoilPhysics.owl#SoilGaseousEmission,,http://imash.leeds.ac.uk/ontologies/atu/SoilPhysics.owl#SoilGaseousEmission
https://w3id.org/eusoilvoc#SoilGaseousExchange,soil gaseous exchange,,The exchange of gases between soil and the atmosphere through convection and diffusion.,soil air physical processes,,http://imash.leeds.ac.uk/ontologies/atu/SoilPhysics.owl#SoilGaseousExchange,,https://doi.org/10.4324/9780203021231
https://w3id.org/eusoilvoc#SoilGravelContents,soil gravel contents,soil gravel content,"The amount of gravel in topsoil, expressed as gravimetric content, volumetric content, or soil-surface coverage; gravimetric content is assessed by sieving and weighing the gravel fraction, and gravel volume by water displacement.",soil contents,,http://imash.leeds.ac.uk/ontologies/atu/SoilPhysics.owl#SoilGravelContent,,https://doi.org/10.4324/9780203021231
https://w3id.org/eusoilvoc#SoilGravimetricMoistureContents,soil gravimetric moisture contents,soil gravimetric moisture content,"The ratio of the mass of water in soil to the mass of soil solids, expressed as a fraction or percentage.",soil moisture contents,,http://imash.leeds.ac.uk/ontologies/atu/SoilPhysics.owl#SoilGravimetricMoistureContent,,https://doi.org/10.4324/9780203021231
https://w3id.org/eusoilvoc#SoilGravitationalPotential,soil gravitational potential,,"The energy required to move an infinitesimal amount of pure, free water from a reference elevation to the elevation of the soil water.",soil moisture potential,,http://imash.leeds.ac.uk/ontologies/atu/SoilPhysics.owl#SoilGravitationalPotential,,https://doi.org/10.4324/9780203021231
https://w3id.org/eusoilvoc#SoilHardsetting,soil hardsetting,,"The process by which soil sets into a hard, structureless mass following drying and ultradesiccation.",soil densification,,http://imash.leeds.ac.uk/ontologies/atu/SoilPhysics.owl#SoilHardsetting,,https://doi.org/10.4324/9780203021231
https://w3id.org/eusoilvoc#SoilHealth,soil health,,Soil health is the level to which soil functions are fulfilled.,,,http://opendata.inrae.fr/thesaurusINRAE/c_2d69fde2 | https://soilwise-he.github.io/soil-health#SoilHealth,http://aims.fao.org/aos/agrovoc/c_a9645d28,
https://w3id.org/eusoilvoc#SoilHeatAbsorption,soil heat absorption,,,soil absorption | soil thermal processes,,http://imash.leeds.ac.uk/ontologies/atu/SoilPhysics.owl#SoilHeatAbsorption,,
https://w3id.org/eusoilvoc#SoilHeatCapacity,soil heat capacity,,The amount of heat energy required to change the temperature of a body of soil by 1 °C.,soil physical capacity | soil thermal properties,,http://imash.leeds.ac.uk/ontologies/atu/SoilPhysics.owl#SoilHeatCapacity,,https://doi.org/10.4324/9780203021231
https://w3id.org/eusoilvoc#SoilHeatConduction,soil heat conduction,,The propagation of heat within soil by molecular motion.,soil heat transfer,,http://imash.leeds.ac.uk/ontologies/atu/SoilPhysics.owl#SoilHeatConduction,,https://doi.org/10.4324/9780203021231
https://w3id.org/eusoilvoc#SoilHeatConvection,soil heat convection,,The transfer of heat in soil through movement of a mass that carries heat.,soil heat transfer,,http://imash.leeds.ac.uk/ontologies/atu/SoilPhysics.owl#SoilHeatConvection,,https://doi.org/10.4324/9780203021231
https://w3id.org/eusoilvoc#SoilHeatExchange,soil heat exchange,,"The transfer of thermal energy through soil by conduction, convection, or radiation, with conduction and convection identified as the principal transport processes within the soil matrix.",soil thermal processes,,http://imash.leeds.ac.uk/ontologies/atu/SoilPhysics.owl#SoilHeatExchange,,https://doi.org/10.4324/9780203021231
https://w3id.org/eusoilvoc#SoilHeatMovement,soil heat movement,,"The transfer of thermal energy through soil by conduction, convection, or radiation, with conduction and convection identified as the principal transport processes within the soil matrix.",soil thermal processes,,http://imash.leeds.ac.uk/ontologies/atu/SoilPhysics.owl#SoilHeatMovement,,https://doi.org/10.4324/9780203021231
https://w3id.org/eusoilvoc#SoilHeatRadiation,soil heat radiation,,Heat transfer involving the emission of energy as electromagnetic waves in the soil system.,soil heat transfer,,http://imash.leeds.ac.uk/ontologies/atu/SoilPhysics.owl#SoilHeatRadiation,,https://doi.org/10.4324/9780203021231
https://w3id.org/eusoilvoc#SoilHeatTransfer,soil heat transfer,,heat transfer in soil,soil heat movement,,http://imash.leeds.ac.uk/ontologies/atu/SoilPhysics.owl#SoilHeatTransfer,,http://imash.leeds.ac.uk/ontologies/atu/SoilPhysics.owl#SoilHeatTransfer
https://w3id.org/eusoilvoc#SoilHeatTransport,soil heat transport,,"The transfer of thermal energy through soil by conduction, convection, or radiation, with conduction and convection identified as the principal transport processes within the soil matrix.",soil heat movement,,http://imash.leeds.ac.uk/ontologies/atu/SoilPhysics.owl#SoilHeatTransport,,https://doi.org/10.4324/9780203021231
https://w3id.org/eusoilvoc#SoilHorizonBoundary,soil horizon boundary,,,soil physical properties,,,,
https://w3id.org/eusoilvoc#SoilHydraulicConductivity,soil hydraulic conductivity,,"Hydraulic conductivity refers to the rate at which water moves through soil pores under a unit hydraulic gradient. It reflects the soil's ability to transmit water, influenced by texture, structure, and porosity. Soils with high hydraulic conductivity, like sandy soils, allow rapid water movement, while clayey soils exhibit slower water flow. This property is critical for understanding water infiltration, drainage, and irrigation management. Source: Brady, N.C., & Weil, R.R. (2017). The Nature and Properties of Soils. | The proportionality coefficient relating water flux density through soil to the hydraulic gradient; its value characterizes both the soil medium and the water and depends on the saturation or moisture state.",soil water physical properties | soil water transmission index,,http://imash.leeds.ac.uk/ontologies/atu/SoilPhysics.owl#SoilHydraulicConductivity | http://opendata.inrae.fr/thesaurusINRAE/c_13934 | http://w3id.org/glosis/model/codelists/physioChemicalPropertyCode-Hydcond,http://aims.fao.org/aos/agrovoc/c_25579 | http://opendata.inrae.fr/thesaurusINRAE/c_197,http://w3id.org/glosis/model/codelists/physioChemicalPropertyCode-Hydcond | https://doi.org/10.4324/9780203021231
https://w3id.org/eusoilvoc#SoilHydraulicDiffusivity,soil hydraulic diffusivity,,"The soil-water flow coefficient D(θ) = K(θ)dΦm/dθ used in the diffusivity form of Richards’ equation, where K(θ) is hydraulic conductivity, θ is soil moisture content, and Φm is matric potential or suction; the formulation requires a unique moisture-potential relation without hysteresis.",soil physical properties,,http://imash.leeds.ac.uk/ontologies/atu/SoilPhysics.owl#SoilHydraulicDiffusivity,,https://doi.org/10.4324/9780203021231
https://w3id.org/eusoilvoc#SoilHydraulicGradient,soil hydraulic gradient,,"The difference in hydraulic head between two positions in a soil divided by the distance along the flow path between them; for a soil column it is (Hi − Ho)/L, where Hi and Ho are inlet and outlet heads and L is column length.",soil water transmission index,,http://imash.leeds.ac.uk/ontologies/atu/SoilPhysics.owl#SoilHydraulicGradient,,https://doi.org/10.4324/9780203021231
https://w3id.org/eusoilvoc#SoilHydrophobicity,soil hydrophobicity,,The water-repellent or non-wetting condition of soil in which soil particles repel water and the soil has a reduced affinity for water.,soil phenomena,,http://imash.leeds.ac.uk/ontologies/atu/SoilPhysics.owl#SoilHydrophobicity,,https://doi.org/10.4324/9780203021231
https://w3id.org/eusoilvoc#SoilImmobileWaterContents,soil immobile water contents,soil immobile water content,"The component of total soil water content considered immobile, which may be estimated as the water retained at field capacity, taken in the stated procedure as 24 hours after an infiltration test or at a suction of 330 kPa.",soil water contents,,http://imash.leeds.ac.uk/ontologies/atu/SoilPhysics.owl#SoilImmobileWaterContent,,https://doi.org/10.4324/9780203021231
https://w3id.org/eusoilvoc#SoilIndicators,soil indicators,soil indicator,,,,https://soilwise-he.github.io/soil-health#SoilIndicators,,
https://w3id.org/eusoilvoc#SoilInorganicCarbon,soil inorganic carbon,,"Inorganic carbon in soil primarily consists of carbonates like calcium carbonate and magnesium carbonate. It contributes to soil pH buffering and is a significant feature of arid and calcareous soils. Excess inorganic carbon can immobilize certain nutrients, requiring careful management in agricultural systems. Source: Soil Science Society of America.",soil inorganic components | soil total carbon,,http://w3id.org/glosis/model/codelists/physioChemicalPropertyCode-Carinorg,,http://w3id.org/glosis/model/codelists/physioChemicalPropertyCode-Carinorg
https://w3id.org/eusoilvoc#SoilInorganicComponents,soil inorganic components,soil inorganic component,The primary and secondary mineral constituents of soil derived from its parent material.,soil components,,http://imash.leeds.ac.uk/ontologies/atu/SoilPhysics.owl#SoilInorganicComponent,,https://doi.org/10.4324/9780203021231
https://w3id.org/eusoilvoc#SoilInorganicSolid,soil inorganic solid,,"The inorganic solid component of soil, consisting of primary and secondary minerals derived from the parent material.",soil solid,,http://imash.leeds.ac.uk/ontologies/atu/SoilPhysics.owl#SoilInorganicSolid,,https://doi.org/10.4324/9780203021231
https://w3id.org/eusoilvoc#SoilIntrinsicPermeability,soil intrinsic permeability,,The property of the soil as a porous medium that describes its ability to transmit fluid.,soil physical properties,,http://imash.leeds.ac.uk/ontologies/atu/SoilPhysics.owl#SoilIntrinsicPermeability,,https://doi.org/10.4324/9780203021231
https://w3id.org/eusoilvoc#SoilLeaching,soil leaching,,A managed salt-removal process in which water equal to the leaching requirement is applied to a field and allowed to flow through and beyond the root zone to remove excess salts. | leaching of nutrients and pesticides,soil chemical degradative processes,,http://imash.leeds.ac.uk/ontologies/atu/SoilPhysics.owl#SoilLeaching | http://www.eionet.europa.eu/gemet/concept/11224,,https://doi.org/10.4324/9780203021231 | http://imash.leeds.ac.uk/ontologies/atu/SoilPhysics.owl#SoilLeaching
https://w3id.org/eusoilvoc#SoilLiquid,soil liquid,,"The liquid component of soil, consisting of a dilute aqueous solution of inorganic and organic compounds.",soil components,,http://imash.leeds.ac.uk/ontologies/atu/SoilPhysics.owl#SoilLiquid,,https://doi.org/10.4324/9780203021231
https://w3id.org/eusoilvoc#SoilLocation,soil location,,,soil spatial properties,,http://imash.leeds.ac.uk/ontologies/atu/SoilPhysics.owl#SoilLocation,,
https://w3id.org/eusoilvoc#SoilLongitudinalStrain,soil longitudinal strain,,"The relative change in soil length under deformation, expressed for small deformations as ε = ΔL/L, where ΔL is the change in soil length and L is its original length.",soil strain,,http://imash.leeds.ac.uk/ontologies/atu/SoilPhysics.owl#SoilLongitudinalStrain,,https://doi.org/10.4324/9780203021231
https://w3id.org/eusoilvoc#SoilMacrofauna,soil macrofauna,,,soil fauna,,http://imash.leeds.ac.uk/ontologies/atu/SoilPhysics.owl#SoilMacrofauna | http://opendata.inrae.fr/thesaurusINRAE/c_8346,,
https://w3id.org/eusoilvoc#SoilMacropore,soil macropore,,"A soil pore that serves as a preferential water-flow path, identified by its flow behavior and continuity.",soil pores,,http://imash.leeds.ac.uk/ontologies/atu/SoilPhysics.owl#SoilMacropore,,https://doi.org/10.4324/9780203021231
https://w3id.org/eusoilvoc#SoilManagement,soil management,,,,,http://aims.fao.org/aos/agrovoc/c_7176 | http://imash.leeds.ac.uk/ontologies/atu/SoilPhysics.owl#SoilManagement | http://opendata.inrae.fr/thesaurusINRAE/c_3542 | https://soilwise-he.github.io/soil-health#SoilManagement,,
https://w3id.org/eusoilvoc#SoilMatricPotential,soil matric potential,,"The negative potential of water in unsaturated soil arising from soil solids, curvature at interfaces due to surface tension, and cohesion and adhesion within the soil matrix; also called capillary potential.",soil moisture potential,,http://imash.leeds.ac.uk/ontologies/atu/SoilPhysics.owl#SoilMatricPotential | http://opendata.inrae.fr/thesaurusINRAE/c_5050 | https://soilwise-he.github.io/soil-health#SoilMatricPotential,,https://doi.org/10.4324/9780203021231
https://w3id.org/eusoilvoc#SoilMelting,soil melting,,The conversion of ice in soil to liquid water.,soil water physical processes,,http://imash.leeds.ac.uk/ontologies/atu/SoilPhysics.owl#SoilMelting,,https://doi.org/10.4324/9780203021231
https://w3id.org/eusoilvoc#SoilMesofauna,soil mesofauna,,,soil fauna,,,,
https://w3id.org/eusoilvoc#SoilMesopore,soil mesopore,,A soil pore with an equivalent cylindrical diameter between 0.2 and 30 µm in the size classification recommended in this text.,soil pores,,http://imash.leeds.ac.uk/ontologies/atu/SoilPhysics.owl#SoilMesopore,,https://doi.org/10.4324/9780203021231
https://w3id.org/eusoilvoc#SoilMethanogenesis,soil methanogenesis,,The biological production of methane in soil by methanogenic bacteria under anaerobic conditions.,soil oxidation reduction reaction,,http://imash.leeds.ac.uk/ontologies/atu/SoilPhysics.owl#SoilMethanogenesis,,https://doi.org/10.4324/9780203021231
https://w3id.org/eusoilvoc#SoilMicrobialActivity,soil microbial activity,,,soil agricultural functions | soil biological processes,,http://imash.leeds.ac.uk/ontologies/atu/SoilPhysics.owl#SoilMicrobialActivity | http://opendata.inrae.fr/thesaurusINRAE/c_1144 | https://soilwise-he.github.io/soil-health#SoilMicrobialActivity,,
https://w3id.org/eusoilvoc#SoilMicrobialBiomass,soil microbial biomass,,,biomass,,http://imash.leeds.ac.uk/ontologies/atu/SoilPhysics.owl#SoilMicrobialBiomass | https://data.geoscience.earth/ncl/ISO11074v2025/3.460,,
https://w3id.org/eusoilvoc#SoilMicrobialRespiration,soil microbial respiration,,,soil microbial activity,,http://imash.leeds.ac.uk/ontologies/atu/SoilPhysics.owl#SoilMicrobialRespiration | https://soilwise-he.github.io/soil-health#SoilMicrobialRespiration,,
https://w3id.org/eusoilvoc#SoilMicrobioticCrusts,soil microbiotic crusts,soil microbiotic crust,,soil crusts,,http://imash.leeds.ac.uk/ontologies/atu/SoilPhysics.owl#SoilMicrobioticCrust,,
https://w3id.org/eusoilvoc#SoilMicrofauna,soil microfauna,,,soil fauna,,http://imash.leeds.ac.uk/ontologies/atu/SoilPhysics.owl#SoilMicrofauna | http://opendata.inrae.fr/thesaurusINRAE/c_6820,http://aims.fao.org/aos/agrovoc/c_36167,
https://w3id.org/eusoilvoc#SoilMicropore,soil micropore,,A soil pore with an equivalent cylindrical diameter less than 0.2 µm in the size classification recommended in this text.,soil pores,,http://imash.leeds.ac.uk/ontologies/atu/SoilPhysics.owl#SoilMicropore,,https://doi.org/10.4324/9780203021231
https://w3id.org/eusoilvoc#SoilMineralMatter,soil mineral matter,,"The inorganic solid component of soil, comprising primary and secondary minerals derived from parent material.",soil components,,http://imash.leeds.ac.uk/ontologies/atu/SoilPhysics.owl#SoilMineralMatter,,https://doi.org/10.4324/9780203021231
https://w3id.org/eusoilvoc#SoilMineralization,soil mineralization,,,soil chemical processes,,http://imash.leeds.ac.uk/ontologies/atu/SoilPhysics.owl#SoilMineralization,,
https://w3id.org/eusoilvoc#SoilMobileWaterContents,soil mobile water contents,soil mobile water content,The component of soil water content equal to total water content minus immobile water content: θ_m = θ − θ_im.,soil water contents,,http://imash.leeds.ac.uk/ontologies/atu/SoilPhysics.owl#SoilMobileWaterContent,,https://doi.org/10.4324/9780203021231
https://w3id.org/eusoilvoc#SoilMoisture,soil moisture,,Water contained in the soil.,soil components,,http://imash.leeds.ac.uk/ontologies/atu/SoilPhysics.owl#SoilMoisture | http://www.eionet.europa.eu/gemet/concept/7874,http://aims.fao.org/aos/agrovoc/c_7208 | http://opendata.inrae.fr/thesaurusINRAE/c_11519,https://doi.org/10.4324/9780203021231
https://w3id.org/eusoilvoc#SoilMoistureCharacteristics,soil moisture characteristics,soil moisture characteristic,The relationship between a soil's moisture content and its soil-matric potential.,soil water physical properties,,http://imash.leeds.ac.uk/ontologies/atu/SoilPhysics.owl#SoilMoistureCharacteristics,,https://doi.org/10.4324/9780203021231
https://w3id.org/eusoilvoc#SoilMoistureContents,soil moisture contents,moisture content | soil moisture content,"The Moisture Content measures the amount of water present in soil, expressed as a percentage of its dry weight. This property is critical for assessing soil water retention, irrigation needs, and plant-available water. Source: Hillel, D. (2004). Introduction to Environmental Soil Physics. | The amount of water removed from soil by heating at 105°C to constant weight, expressed as a fraction or percentage on a mass or volume basis. On a gravimetric basis it equals the difference between wet and dry soil mass divided by dry soil mass.",soil water physical properties,,http://imash.leeds.ac.uk/ontologies/atu/SoilPhysics.owl#SoilMoistureContent | http://w3id.org/glosis/model/layerhorizon/moistureContentProperty,,http://w3id.org/glosis/model/layerhorizon/moistureContentProperty | https://doi.org/10.4324/9780203021231
https://w3id.org/eusoilvoc#SoilMoistureDeficit,soil moisture deficit,,,soil function indicators,,http://aims.fao.org/aos/agrovoc/c_25307 | https://soilwise-he.github.io/soil-health#SoilMoistureDeficit,,
https://w3id.org/eusoilvoc#SoilMoistureHysteresis,soil moisture hysteresis,,The dependence of the soil moisture-retention curve on the soil’s previous wetting and drainage history.,soil phenomena,,http://imash.leeds.ac.uk/ontologies/atu/SoilPhysics.owl#SoilMoistureHysteresis,,https://doi.org/10.4324/9780203021231
https://w3id.org/eusoilvoc#SoilMoistureMovement,soil moisture movement,,"Movement of water through the soil pore system in response to differences in water potential, from positions of higher potential energy toward lower potential energy.",soil water physical processes,,http://imash.leeds.ac.uk/ontologies/atu/SoilPhysics.owl#SoilMoistureMovement,,https://doi.org/10.4324/9780203021231
https://w3id.org/eusoilvoc#SoilMoisturePotential,soil moisture potential,,"The work that a unit quantity of water in an equilibrium soil-moisture system can do when moving to a reference pool of pure water at atmospheric pressure, at the same temperature and level. | the amount of work that a unit quantity of water in an equilibrium soil-moisture system is capable of doing when it moves to a pool of water in the reference state at the same temperature.",soil water physical properties,,http://imash.leeds.ac.uk/ontologies/atu/SoilPhysics.owl#SoilMoisturePotential,,https://doi.org/10.4324/9780203021231 | http://imash.leeds.ac.uk/ontologies/atu/SoilPhysics.owl#SoilMoisturePotential
https://w3id.org/eusoilvoc#SoilMoistureRedistribution,soil moisture redistribution,,"The continued downward movement of water through a soil profile after infiltration ceases, by which wetted topsoil wets drier subsoil in the absence of a water table.",soil phenomena,,http://imash.leeds.ac.uk/ontologies/atu/SoilPhysics.owl#SoilMoistureRedistribution,,https://doi.org/10.4324/9780203021231
https://w3id.org/eusoilvoc#SoilMottle,soil mottle,,,soil physical properties,,,,
https://w3id.org/eusoilvoc#SoilMovement,soil movement,,movement of soil or its component,soil physical processes,,http://aims.fao.org/aos/agrovoc/c_7180 | http://imash.leeds.ac.uk/ontologies/atu/SoilPhysics.owl#SoilMovement,,http://imash.leeds.ac.uk/ontologies/atu/SoilPhysics.owl#SoilMovement
https://w3id.org/eusoilvoc#SoilNegativeAdsorption,soil negative adsorption,,"The exclusion of anions from the liquid region adjacent to negatively charged soil-particle surfaces, also called anion exclusion.",soil chemical processes,,http://imash.leeds.ac.uk/ontologies/atu/SoilPhysics.owl#SoilNegativeAdsorption,,https://doi.org/10.4324/9780203021231
https://w3id.org/eusoilvoc#SoilNLoss,soil nitrogen loss,soil N loss,,soil nutrient loss,,,https://soilwise-he.github.io/soil-health#SoilNitrogenLosses,
https://w3id.org/eusoilvoc#SoilNutrientAvailability,soil nutrient availability,,nutrient availability to the plants,soil physical properties,,http://imash.leeds.ac.uk/ontologies/atu/SoilPhysics.owl#SoilNutrientAvailability | https://soilwise-he.github.io/soil-health#SoilNutrientAvailability,,http://imash.leeds.ac.uk/ontologies/atu/SoilPhysics.owl#SoilNutrientAvailability
https://w3id.org/eusoilvoc#SoilNutrientHoldingCapacity,soil nutrient holding capacity,,,soil physical capacity,,http://imash.leeds.ac.uk/ontologies/atu/SoilPhysics.owl#SoilNutrientHoldingCapacity,,
https://w3id.org/eusoilvoc#SoilNutrientImmobilisation,soil nutrient immobilisation,,,soil chemical processes,,http://imash.leeds.ac.uk/ontologies/atu/SoilPhysics.owl#SoilNutrientImmobilization,,
https://w3id.org/eusoilvoc#SoilNutrientLoss,soil nutrient loss,,,soil threats,,https://soilwise-he.github.io/soil-health#SoilNutrientLoss,,
https://w3id.org/eusoilvoc#SoilNutrientRetention,soil nutrient retention,,,soil retention,,http://imash.leeds.ac.uk/ontologies/atu/SoilPhysics.owl#SoilNutrientRetention,,
https://w3id.org/eusoilvoc#SoilNutrientStorage,soil nutrient storage,,,soil retention,,http://imash.leeds.ac.uk/ontologies/atu/SoilPhysics.owl#SoilNutrientStorage,,
https://w3id.org/eusoilvoc#SoilNutrients,soil nutrients,soil nutrient,,soil chemical properties | soil substance,,http://imash.leeds.ac.uk/ontologies/atu/SoilPhysics.owl#SoilNutrient | https://soilwise-he.github.io/soil-health#SoilNutrients,,
https://w3id.org/eusoilvoc#SoilOrganicCarbon,soil organic carbon,,"Organic carbon refers to the carbon component of soil organic matter, derived from decomposed plant and microbial residues. It serves as a key energy source for soil microbes and influences nutrient cycling, soil structure, and water retention. Organic carbon is a primary indicator of soil fertility and health. Source: Brady & Weil (2017).",soil organic matter | soil total carbon,,http://aims.fao.org/aos/agrovoc/c_389fe908 | http://opendata.inrae.fr/thesaurusINRAE/c_13665 | http://w3id.org/glosis/model/codelists/physioChemicalPropertyCode-Carorg | https://soilwise-he.github.io/soil-health#SoilOrganicCarbon,,http://w3id.org/glosis/model/codelists/physioChemicalPropertyCode-Carorg
https://w3id.org/eusoilvoc#SOCLoss,soil organic carbon loss,SOC loss,,soil threats,,,https://soilwise-he.github.io/soil-health#SOCLosses,
https://w3id.org/eusoilvoc#SoilOrganicComponents,soil organic components,soil organic component,"The organic constituents of soil, comprising living and dead substances of plant and animal origin, including remains at different stages of decomposition.",soil components,,http://imash.leeds.ac.uk/ontologies/atu/SoilPhysics.owl#SoilOrganicComponent,,https://doi.org/10.4324/9780203021231
https://w3id.org/eusoilvoc#SoilOrganicMatter,soil organic matter,,"Soil organic matter is composed of decomposed plant and animal residues, living soil organisms, and humus. It improves soil structure, water retention, nutrient supply, and microbial activity, making it critical for sustainable agriculture and soil health. Source: Brady & Weil (2017). | A complex mixture of living and dead substances of plant and animal origin in soil.",soil organic components,,http://aims.fao.org/aos/agrovoc/c_35657 | http://imash.leeds.ac.uk/ontologies/atu/SoilPhysics.owl#SoilOrganicMatter | http://opendata.inrae.fr/thesaurusINRAE/c_336 | http://w3id.org/glosis/model/codelists/physioChemicalPropertyCode-Orgmat | https://soilwise-he.github.io/soil-health#SoilOrganicMatter,,http://w3id.org/glosis/model/codelists/physioChemicalPropertyCode-Orgmat | https://doi.org/10.4324/9780203021231
https://w3id.org/eusoilvoc#SoilOrganicMatterClass,soil organic matter class,,"The Soil Organic Matter Class classifies soil based on the amount and quality of organic matter it contains. Soils with high organic matter are usually fertile, retain moisture better, and support more biological activity. This classification helps in determining soil health and suitability for agricultural purposes. Source: Brady, N. C., & Weil, R. R. (2008). The Nature and Properties of Soils (14th ed.). Pearson Prentice Hall.",soil description,,http://w3id.org/glosis/model/common/organicMatterClassProperty,,http://w3id.org/glosis/model/common/organicMatterClassProperty
https://w3id.org/eusoilvoc#SoilOrganicMatterContents,soil organic matter contents,soil organic matter content,,soil contents,,http://imash.leeds.ac.uk/ontologies/atu/SoilPhysics.owl#SoilOrganicMatterContent | https://soilwise-he.github.io/soil-health#SOMContents,,
https://w3id.org/eusoilvoc#SoilOrganicSolid,soil organic solid,,"The organic component of the soil's solid phase, consisting of remains of plants and animals at various stages of decay and decomposition.",soil solid,,http://imash.leeds.ac.uk/ontologies/atu/SoilPhysics.owl#SoilOrganicSolid,,https://doi.org/10.4324/9780203021231
https://w3id.org/eusoilvoc#SoilOrganisms,soil organisms,soil organism,,soil substance,,http://aims.fao.org/aos/agrovoc/c_33552 | https://soilwise-he.github.io/soil-health#SoilOrganisms,,
https://w3id.org/eusoilvoc#SoilOsmoticPotential,soil osmotic potential,,"The change in energy per unit volume of water when solutes matching the composition of the soil solution at the point of interest are added to pure, free water at the elevation of the soil.",soil moisture potential,,http://imash.leeds.ac.uk/ontologies/atu/SoilPhysics.owl#SoilOsmoticPotential,,https://doi.org/10.4324/9780203021231
https://w3id.org/eusoilvoc#SoilOverburdenPotential,soil overburden potential,,The change in energy per unit volume of soil water caused by the weight of unsupported soil material above it.,soil moisture potential,,http://imash.leeds.ac.uk/ontologies/atu/SoilPhysics.owl#SoilOverburdenPotential,,https://doi.org/10.4324/9780203021231
https://w3id.org/eusoilvoc#SoilOxidationReaction,soil oxidation reaction,,"In the textbook's oxygen-reaction context, a chemical reaction in which an oxide is formed.",soil chemical reaction,,http://imash.leeds.ac.uk/ontologies/atu/SoilPhysics.owl#SoilOxidationReaction,,https://doi.org/10.4324/9780203021231
https://w3id.org/eusoilvoc#SoilOxidationReductionReaction,soil oxidation reduction reaction,,"Coupled oxidation and reduction reactions in biological systems involving electron transfer, with electron release during oxidation and electron acceptance during reduction.",soil chemical reaction,,http://imash.leeds.ac.uk/ontologies/atu/SoilPhysics.owl#SoilOxidationReductionReaction,,https://doi.org/10.4324/9780203021231
https://w3id.org/eusoilvoc#SoilOxygenConcentration,soil oxygen concentration,,,soil air physical properties | soil contents,,http://imash.leeds.ac.uk/ontologies/atu/SoilPhysics.owl#SoilOxygenConcentration,,
https://w3id.org/eusoilvoc#SoilOxygenConsumption,soil oxygen consumption,,,soil biological processes | soil chemical processes,,http://imash.leeds.ac.uk/ontologies/atu/SoilPhysics.owl#SoilOxygenConsumption,,
https://w3id.org/eusoilvoc#SoilOxygenContents,soil oxygen contents,soil oxygen content,"The proportion of soil air composed of oxygen (O2), expressed as a percentage by volume.",soil air physical properties | soil contents,,http://imash.leeds.ac.uk/ontologies/atu/SoilPhysics.owl#SoilOxygenContent,,https://doi.org/10.4324/9780203021231
https://w3id.org/eusoilvoc#SoilOxygenDeficiency,soil oxygen deficiency,,"An insufficient supply of oxygen in soil for metabolic activities, including root respiration.",soil phenomena,,http://imash.leeds.ac.uk/ontologies/atu/SoilPhysics.owl#SoilOxygenDeficiency,,https://doi.org/10.4324/9780203021231
https://w3id.org/eusoilvoc#SoilOxygenDiffusionRate,soil oxygen diffusion rate,,"The mass flux of oxygen to a platinum electrode surface under constant electric potential, used as an index of oxygen availability to plant roots.",soil aeration index,,http://imash.leeds.ac.uk/ontologies/atu/SoilPhysics.owl#SoilOxygenDiffusionRate,,https://doi.org/10.4324/9780203021231
https://w3id.org/eusoilvoc#SoilPackingArrangement,soil packing arrangement,,"The configuration in which soil solid particles are arranged, including close packing with smaller particles occupying voids between larger particles and open packing based on particles of uniform size.",soil physical properties,,http://imash.leeds.ac.uk/ontologies/atu/SoilPhysics.owl#SoilPackingArrangement,,https://doi.org/10.4324/9780203021231
https://w3id.org/eusoilvoc#SoilParticleArrangement,soil particle arrangement,,"The configuration in which soil solid particles are arranged, including close packing with smaller particles occupying voids between larger particles and open packing based on particles of uniform size.",soil particle physical properties,,http://imash.leeds.ac.uk/ontologies/atu/SoilPhysics.owl#SoilParticleArrangement,,https://doi.org/10.4324/9780203021231
https://w3id.org/eusoilvoc#SoilParticleDensity,soil particle density,,The ratio of the mass of soil solids to the volume occupied by those solids; also called true density.,soil density,,http://imash.leeds.ac.uk/ontologies/atu/SoilPhysics.owl#SoilParticleDensity,,https://doi.org/10.4324/9780203021231
https://w3id.org/eusoilvoc#SoilParticleMovement,soil particle movement,,,soil movement,,http://imash.leeds.ac.uk/ontologies/atu/SoilPhysics.owl#SoilParticleMovement,,
https://w3id.org/eusoilvoc#SoilParticlePhysicalProperties,soil particle physical properties,soil particle physical property,physical property of soil particle,soil physical properties,,http://imash.leeds.ac.uk/ontologies/atu/SoilPhysics.owl#SoilParticlePhysicalProperty,,http://imash.leeds.ac.uk/ontologies/atu/SoilPhysics.owl#SoilParticlePhysicalProperty
https://w3id.org/eusoilvoc#SoilParticleShape,soil particle shape,,"The form of soil particles as characterized from micrographs by roundness, which measures corner sharpness, and sphericity, which measures how closely a particle approaches a sphere.",soil particle physical properties,,http://imash.leeds.ac.uk/ontologies/atu/SoilPhysics.owl#SoilParticleShape,,https://doi.org/10.4324/9780203021231
https://w3id.org/eusoilvoc#SoilParticleSize,soil particle size,,"The diameter used to classify soil particles into size fractions; in sedimentation sizing, particle size is obtained from settling behavior under Stokes-law assumptions.",soil particle physical properties,,http://imash.leeds.ac.uk/ontologies/atu/SoilPhysics.owl#SoilParticleSize | http://opendata.inrae.fr/thesaurusINRAE/c_17963,,https://doi.org/10.4324/9780203021231
https://w3id.org/eusoilvoc#SoilParticleSizeDistribution,soil particle size distribution,,A quantitative description of the sizes of particles making up the solid fraction of a soil.,soil particle physical properties,,http://imash.leeds.ac.uk/ontologies/atu/SoilPhysics.owl#SoilParticleSizeDistribution,,https://doi.org/10.4324/9780203021231
https://w3id.org/eusoilvoc#SoilParticleSpecificSurfaceArea,soil particle specific surface area,,"The total surface area of soil particles expressed per unit soil mass, per unit volume of soil solids, or per unit total soil volume.",soil particle physical properties,,http://imash.leeds.ac.uk/ontologies/atu/SoilPhysics.owl#SoilParticleSpecificSurfaceArea,,https://doi.org/10.4324/9780203021231
https://w3id.org/eusoilvoc#SoilParticleSurfaceCharge,soil particle surface charge,,,soil charge properties,,http://imash.leeds.ac.uk/ontologies/atu/SoilPhysics.owl#SoilParticleSurfaceCharge,,
https://w3id.org/eusoilvoc#SoilParticles,soil particles,soil particle,"The units of the inorganic soil component: discrete primary particles that cannot be further subdivided, and secondary particles composed of primary particles that can be separated by chemical or mechanical dispersion.",soil components,,http://imash.leeds.ac.uk/ontologies/atu/SoilPhysics.owl#SoilParticle | https://soilwise-he.github.io/soil-health#SoilParticles,,https://doi.org/10.4324/9780203021231
https://w3id.org/eusoilvoc#SoilPenetrationResistance,soil penetration resistance,,The capacity of soil in a confined state to resist penetration by a rigid object.,soil physical properties | soil strength index,,http://aims.fao.org/aos/agrovoc/c_d79c08d8 | http://imash.leeds.ac.uk/ontologies/atu/SoilPhysics.owl#SoilPenetrationResistance | https://soilwise-he.github.io/soil-health#SoilPenetrationResistance,,https://doi.org/10.4324/9780203021231
https://w3id.org/eusoilvoc#SoilPermanentDeformation,soil permanent deformation,,"Deformation of soil that persists after the applied stress is released, also called plastic deformation.",soil deformation,,http://imash.leeds.ac.uk/ontologies/atu/SoilPhysics.owl#SoilPermanentDeformation,,https://doi.org/10.4324/9780203021231
https://w3id.org/eusoilvoc#SoilPermeability,soil permeability,,"The ability of soil, as a porous medium, to transmit fluid, expressed by its intrinsic permeability.",soil physical properties,,http://aims.fao.org/aos/agrovoc/c_14398 | http://imash.leeds.ac.uk/ontologies/atu/SoilPhysics.owl#SoilPermeability | http://opendata.inrae.fr/thesaurusINRAE/c_17985,,https://doi.org/10.4324/9780203021231
https://w3id.org/eusoilvoc#SoilPermittivity,soil permittivity,,,soil physical properties,,http://imash.leeds.ac.uk/ontologies/atu/SoilPhysics.owl#SoilPermittivity,,
https://w3id.org/eusoilvoc#SoilpH,soil pH,,"Soil pH measures the concentration of hydrogen ions (H⁺) in the soil solution, indicating its acidity or alkalinity on a scale from 1 to 14. Neutral soils have a pH of 7, while values below 7 are acidic and above are alkaline. Soil pH significantly affects nutrient availability, microbial activity, and plant growth. For instance, nutrients like phosphorus are most available in a pH range of 6 to 7. Lime or sulfur applications can adjust soil pH to optimize conditions for crops. Source: USDA Natural Resources Conservation Service (NRCS).",soil chemical properties,,http://aims.fao.org/aos/agrovoc/c_34901 | http://imash.leeds.ac.uk/ontologies/atu/SoilPhysics.owl#SoilPH | http://w3id.org/glosis/model/codelists/physioChemicalPropertyCode-pH | https://soilwise-he.github.io/soil-health#SoilpH,,http://w3id.org/glosis/model/codelists/physioChemicalPropertyCode-pH
https://w3id.org/eusoilvoc#SoilPhenomena,soil phenomena,soil phenomenon,,,,http://imash.leeds.ac.uk/ontologies/atu/SoilPhysics.owl#SoilPhenomena,,
https://w3id.org/eusoilvoc#SoilPLoss,soil phosphorus loss,soil P loss,,soil nutrient loss,,https://soilwise-he.github.io/soil-health#SoilPLoss,,
https://w3id.org/eusoilvoc#SoilPhysicalCapacity,soil physical capacity,,,soil physical properties,,http://imash.leeds.ac.uk/ontologies/atu/SoilPhysics.owl#SoilPhysicalCapacity,,
https://w3id.org/eusoilvoc#SoilPhysicalCrusts,soil physical crusts,soil physical crust,"A soil crust formed by alteration of soil structural properties, including structural and depositional crusts.",soil crusts,,http://imash.leeds.ac.uk/ontologies/atu/SoilPhysics.owl#SoilPhysicalCrust,,https://doi.org/10.4324/9780203021231
https://w3id.org/eusoilvoc#SoilPhysicalDegradation,soil physical degradation,,,soil degradation,,https://soilwise-he.github.io/soil-health#SoilPhysicalDegradation,,
https://w3id.org/eusoilvoc#SoilPhysicalDegradativeProcesses,soil physical degradative processes,soil physical degradative process,,soil physical processes,,http://imash.leeds.ac.uk/ontologies/atu/SoilPhysics.owl#SoilPhysicalDegradativeProcess,,
https://w3id.org/eusoilvoc#SoilPhysicalFunctions,soil physical functions,soil physical function,,soil functions,,https://soilwise-he.github.io/soil-health#SoilPhysicalFunctions,,
https://w3id.org/eusoilvoc#SoilPhysicalProcesses,soil physical processes,soil physical process,,soil processes,,http://imash.leeds.ac.uk/ontologies/atu/SoilPhysics.owl#SoilPhysicalProcess,,
https://w3id.org/eusoilvoc#SoilPhysicalProperties,soil physical properties,soil physical property,"Soil physical properties include both inherent and dynamic soil properties. Inherent properties include soil texture, soil parent materials and soil depth. Dynamic properties are those that can be influenced by management include infiltration, aggregate stability, available soil water holding capacity, soil organic matter, soil porosity, compaction layers, crusting, bulk density, and structure. Optimal soil physical properties reduce limitations to root growth and productivity, improve seedling emergence, nutrient and water retention, infiltration, and movement of air and water within the soil profile. Physical properties are directly related to optimal chemical and biological properties which together improve nutrient and water cycling and other key soil functions. | Soil physical properties are those responsible for the transport of water, solutes, air and heat in the soil. The main physical soil properties are depth, temperature, texture, structure, bulk density and water-holding capacity. | Those characteristics, processes, or reactions of a soil that are caused by physical forces and that can be described by, or expressed in, physical terms or equations. Examples of physical properties are bulk density, hydraulic conductivity, porosity, pore-size distribution, etc.",soil properties,,http://imash.leeds.ac.uk/ontologies/atu/SoilPhysics.owl#SoilPhysicalProperty | https://soilwise-he.github.io/soil-health#SoilPhysicalProperties,http://aims.fao.org/aos/agrovoc/c_7182,https://soilhealthnexus.org/resources/soil-properties/soil-physical-properties/ | https://www.cambridge.org/core/books/properties-and-management-of-soils-in-the-tropics/soil-physical-properties/275087D91E8849FA36F347D4964ED835 | https://www.soils.org/publications/soils-glossary?q=publications/soils-glossary/
https://w3id.org/eusoilvoc#SoilPhysicalQuality,soil physical quality,,,soil physical properties,,http://imash.leeds.ac.uk/ontologies/atu/SoilPhysics.owl#SoilPhysicalQuality,,
https://w3id.org/eusoilvoc#SoilPlasticity,soil plasticity,,"The Plasticity measures the soil's ability to deform under stress without cracking or breaking, especially when wet. It is influenced by clay content and mineralogy and is important for engineering and agricultural applications. Source: Hillel, D. (2004). Introduction to Environmental Soil Physics. | The ability of soil to change shape without cracking under a deforming stress and to retain the deformed shape after the stress is removed. | soil’s ability to change its shape without cracking when it is subjected to deforming stress.",soil physical properties,,http://imash.leeds.ac.uk/ontologies/atu/SoilPhysics.owl#SoilPlasticity | http://w3id.org/glosis/model/layerhorizon/plasticityProperty,,http://w3id.org/glosis/model/layerhorizon/plasticityProperty | https://doi.org/10.4324/9780203021231 | http://imash.leeds.ac.uk/ontologies/atu/SoilPhysics.owl#SoilPlasticity
https://w3id.org/eusoilvoc#SoilPollutantTransport,soil pollutant transport,,,soil transport,,http://imash.leeds.ac.uk/ontologies/atu/SoilPhysics.owl#SoilPollutantTransport,,
https://w3id.org/eusoilvoc#SoilPollution,soil pollution,,,soil threats,,http://aims.fao.org/aos/agrovoc/c_7183 | http://opendata.inrae.fr/thesaurusINRAE/c_4843 | http://www.eionet.europa.eu/gemet/concept/7880 | https://soilwise-he.github.io/soil-health#SoilPollution,,
https://w3id.org/eusoilvoc#SoilPolymerAdsorption,soil polymer adsorption,,"The transfer of a polymer molecule from the solution phase to an adsorbed state on a soil clay-particle surface, with interaction between the soil particle and the polymer molecule.",soil adsorption,,http://imash.leeds.ac.uk/ontologies/atu/SoilPhysics.owl#SoilPolymerAdsorption,,https://doi.org/10.4324/9780203021231
https://w3id.org/eusoilvoc#SoilPoreConnectivity,soil pore connectivity,,,soil pore physical properties,,http://imash.leeds.ac.uk/ontologies/atu/SoilPhysics.owl#SoilPoreConnectivity,,
https://w3id.org/eusoilvoc#SoilPoreContinuity,soil pore continuity,,,soil pore physical properties,,http://imash.leeds.ac.uk/ontologies/atu/SoilPhysics.owl#SoilPoreContinuity,,
https://w3id.org/eusoilvoc#SoilPoreGeometry,soil pore geometry,,"The geometrical characteristics of the soil pore system, including porosity, pore-size distribution, and internal surface area.",soil pore physical properties,,http://imash.leeds.ac.uk/ontologies/atu/SoilPhysics.owl#SoilPoreGeometry,,https://doi.org/10.4324/9780203021231
https://w3id.org/eusoilvoc#SoilPoreHeterogeneity,soil pore heterogeneity,,"Variation in the shapes, sizes, and orientations of pores within the soil matrix.",soil pore physical properties,,http://imash.leeds.ac.uk/ontologies/atu/SoilPhysics.owl#SoilPoreHeterogeneity,,https://doi.org/10.4324/9780203021231
https://w3id.org/eusoilvoc#SoilPoreHorizontalContinuity,soil pore horizontal continuity,,,soil pore continuity,,http://imash.leeds.ac.uk/ontologies/atu/SoilPhysics.owl#SoilPoreHorizontalContinuity,,
https://w3id.org/eusoilvoc#SoilPoreNumber,soil pore number,,"The number of non-matrix soil pores per specified unit area, using 1 cm² for very fine and fine pores, 1 dm² for medium and coarse pores, and 1 m² for very coarse pores.",soil pore physical properties,,http://imash.leeds.ac.uk/ontologies/atu/SoilPhysics.owl#SoilPoreNumber,,https://doi.org/10.4324/9780203021231
https://w3id.org/eusoilvoc#SoilPoreOrientation,soil pore orientation,,,soil pore physical properties,,http://imash.leeds.ac.uk/ontologies/atu/SoilPhysics.owl#SoilPoreOrientation,,
https://w3id.org/eusoilvoc#SoilPorePhysicalProperties,soil pore physical properties,soil pore physical property,physical property of soil pore,soil physical properties,,http://imash.leeds.ac.uk/ontologies/atu/SoilPhysics.owl#SoilPorePhysicalProperty,,http://imash.leeds.ac.uk/ontologies/atu/SoilPhysics.owl#SoilPorePhysicalProperty
https://w3id.org/eusoilvoc#SoilPoreShape,soil pore shape,,,soil pore physical properties,,http://imash.leeds.ac.uk/ontologies/atu/SoilPhysics.owl#SoilPoreShape,,
https://w3id.org/eusoilvoc#SoilPoreSize,soil pore size,pores size,"The Pores Size categorizes soil pores by their diameter, such as macro-pores, meso-pores, and micro-pores. This property determines water retention, air movement, and root penetration in soil. Source: Brady, N.C., & Weil, R.R. (2008). The Nature and Properties of Soils. | The dimension used to characterize soil pores by diameter, including equivalent cylindrical diameter in soil-pore size classifications.",soil pore physical properties | soil pores,,http://imash.leeds.ac.uk/ontologies/atu/SoilPhysics.owl#SoilPoreSize | http://w3id.org/glosis/model/layerhorizon/poresSizeProperty,,http://w3id.org/glosis/model/layerhorizon/poresSizeProperty | https://doi.org/10.4324/9780203021231
https://w3id.org/eusoilvoc#SoilPoreSizeDistribution,soil pore size distribution,,"The distribution of soil pores across size classes, characterized by the number of pores of different sizes or by pore volume associated with different sizes.",soil pore physical properties | soil porosity index,,http://imash.leeds.ac.uk/ontologies/atu/SoilPhysics.owl#SoilPoreSizeDistribution,,https://doi.org/10.4324/9780203021231
https://w3id.org/eusoilvoc#SoilPoreSpace,soil pore space,,"The void space between the solid components of soil, occupied by water, air, or both.",soil pore physical properties,,http://imash.leeds.ac.uk/ontologies/atu/SoilPhysics.owl#SoilPoreSpace,,https://doi.org/10.4324/9780203021231
https://w3id.org/eusoilvoc#SoilPoreTortuosity,soil pore tortuosity,,"The irregular, non-straight character of flow paths through soil pores.",soil pore physical properties | soil structure index,,http://imash.leeds.ac.uk/ontologies/atu/SoilPhysics.owl#SoilPoreTortuosity,,https://doi.org/10.4324/9780203021231
https://w3id.org/eusoilvoc#SoilPoreVerticalContinuity,soil pore vertical continuity,,"The average vertical distance over which the mean pore diameter exceeds 0.5 mm, assessed when the soil is moist.",soil pore continuity,,http://imash.leeds.ac.uk/ontologies/atu/SoilPhysics.owl#SoilPoreVerticalContinuity,,https://doi.org/10.4324/9780203021231
https://w3id.org/eusoilvoc#SoilPoreVolume,soil pore volume,,"The volume occupied by voids in soil, equal to the total volume minus the volume of soil solids.",soil pore physical properties,,http://imash.leeds.ac.uk/ontologies/atu/SoilPhysics.owl#SoilPoreVolume,,https://doi.org/10.4324/9780203021231
https://w3id.org/eusoilvoc#SoilPoreWaterVelocity,soil pore water velocity,,Darcian velocity divided by volumetric soil moisture content.,soil solute physical properties,,http://imash.leeds.ac.uk/ontologies/atu/SoilPhysics.owl#SoilPoreWaterVelocity,,https://doi.org/10.4324/9780203021231
https://w3id.org/eusoilvoc#SoilPores,soil pores,soil pore,"Voids or spaces between the solid components of soil, which may be occupied by water or air.",soil substance,,http://imash.leeds.ac.uk/ontologies/atu/SoilPhysics.owl#SoilPore | https://data.geoscience.earth/ncl/ISO11074v2025/3.462,,https://doi.org/10.4324/9780203021231
https://w3id.org/eusoilvoc#SoilPorosity,soil porosity,,"Porosity refers to the percentage of soil volume occupied by pores or voids, which hold air and water. It directly impacts water infiltration, drainage, and root growth. Soils with high porosity are better suited for crop cultivation, as they provide good aeration and water availability. Source: Brady & Weil (2017). | The relative volume of soil voids or pores, expressed as a fraction or percentage of total soil volume or of the volume of soil solids, according to the measure used.",soil pore physical properties,,http://aims.fao.org/aos/agrovoc/c_35320 | http://imash.leeds.ac.uk/ontologies/atu/SoilPhysics.owl#SoilPorosity | http://opendata.inrae.fr/thesaurusINRAE/c_16324 | http://w3id.org/glosis/model/codelists/physioChemicalPropertyCode-Por | https://soilwise-he.github.io/soil-health#SoilPorosity,,http://w3id.org/glosis/model/codelists/physioChemicalPropertyCode-Por | https://doi.org/10.4324/9780203021231
https://w3id.org/eusoilvoc#SoilPorosityIndex,soil porosity index,,,soil structure index,,http://imash.leeds.ac.uk/ontologies/atu/SoilPhysics.owl#SoilPorosityIndex,,
https://w3id.org/eusoilvoc#SoilPreferentialFlowPath,soil preferential flow path,,A distinct conducting pathway that occupies a small fraction of the total soil pore space and carries preferential water flow through the soil profile rather than through the whole pore network.,soil pores,,http://imash.leeds.ac.uk/ontologies/atu/SoilPhysics.owl#SoilPreferentialFlowPath,,https://doi.org/10.4324/9780203021231
https://w3id.org/eusoilvoc#SoilPressurePotential,soil pressure potential,,The water pressure exerted at a position within saturated soil by the overlying column of water.,soil moisture potential,,http://imash.leeds.ac.uk/ontologies/atu/SoilPhysics.owl#SoilPressurePotential,,https://doi.org/10.4324/9780203021231
https://w3id.org/eusoilvoc#SoilPrimaryParticles,soil primary particles,soil primary particle,"Discrete soil-particle units that cannot be further subdivided, also called soil separates.",soil particles,,http://imash.leeds.ac.uk/ontologies/atu/SoilPhysics.owl#SoilPrimaryParticle,,https://doi.org/10.4324/9780203021231
https://w3id.org/eusoilvoc#SoilProcesses,soil processes,soil process,,,,http://imash.leeds.ac.uk/ontologies/atu/SoilPhysics.owl#SoilProcess | https://data.geoscience.earth/ncl/ISO11074v2025/3.464 | https://soilwise-he.github.io/soil-health#SoilProcesses,,
https://w3id.org/eusoilvoc#SoilProductivity,soil productivity,,,soil agricultural functions,,http://imash.leeds.ac.uk/ontologies/atu/SoilPhysics.owl#SoilProductivity | https://data.geoscience.earth/ncl/ISO11074v2025/3.465,http://aims.fao.org/aos/agrovoc/c_7170,
https://w3id.org/eusoilvoc#SoilProperties,soil properties,soil property,,,,http://aims.fao.org/aos/agrovoc/c_330883 | http://imash.leeds.ac.uk/ontologies/atu/SoilPhysics.owl#SoilProperty | https://soilwise-he.github.io/soil-health#SoilProperties,,
https://w3id.org/eusoilvoc#SoilPuddling,soil puddling,,Physical manipulation of wet soil to slake and disrupt structural aggregates and decrease total porosity and macroporosity.,soil physical processes,,http://imash.leeds.ac.uk/ontologies/atu/SoilPhysics.owl#SoilPuddling,,https://doi.org/10.4324/9780203021231
https://w3id.org/eusoilvoc#SoilQuality,soil quality,,,,,http://aims.fao.org/aos/agrovoc/c_a9645d28 | http://opendata.inrae.fr/thesaurusINRAE/c_661 | http://www.eionet.europa.eu/gemet/concept/7884 | https://data.geoscience.earth/ncl/ISO11074v2025/3.466 | https://soilwise-he.github.io/soil-health#SoilQuality,,
https://w3id.org/eusoilvoc#SoilRapidDrying,soil rapid drying,,,soil drying,,http://imash.leeds.ac.uk/ontologies/atu/SoilPhysics.owl#SoilRapidDrying,,
https://w3id.org/eusoilvoc#SoilRapidWetting,soil rapid wetting,,,soil wetting,,http://imash.leeds.ac.uk/ontologies/atu/SoilPhysics.owl#SoilRapidWetting,,
https://w3id.org/eusoilvoc#SoilReactivity,soil reactivity,,"The chemical, physical, and biological reactions occurring in soil.",soil chemical properties,,http://imash.leeds.ac.uk/ontologies/atu/SoilPhysics.owl#SoilReactivity,,https://doi.org/10.4324/9780203021231
https://w3id.org/eusoilvoc#SoilRedoxPotential,soil redox potential,,"The potential, measured in volts relative to a reference electrode, required to produce oxidation at an anode and reduction at a cathode, expressing the tendency of soil substances to donate or accept electrons.",soil chemical properties,,http://imash.leeds.ac.uk/ontologies/atu/SoilPhysics.owl#SoilRedoxPotential | https://data.geoscience.earth/ncl/ISO11074v2025/3.468,,https://doi.org/10.4324/9780203021231
https://w3id.org/eusoilvoc#SoilRelativeDensity,soil relative density,,"In the specific gravity sense, the dimensionless ratio of soil particle density to water density, Gs = ρs/ρw. | In the packing-relative density sense, Rd = (emax - e)/(emax - emin), where e is the in-situ soil void ratio, emax the void ratio of the loose state attainable in the laboratory, and emin the void ratio of the densest state.",soil density | soil strength index,,http://imash.leeds.ac.uk/ontologies/atu/SoilPhysics.owl#SoilRelativeDensity,,https://doi.org/10.4324/9780203021231 | https://doi.org/10.4324/9780203021231
https://w3id.org/eusoilvoc#SoilRespiration,soil respiration,,The amount of oxygen consumed or carbon dioxide evolved in the soil.,soil agricultural functions,,http://aims.fao.org/aos/agrovoc/c_33553 | http://imash.leeds.ac.uk/ontologies/atu/SoilPhysics.owl#SoilRespiration | http://opendata.inrae.fr/thesaurusINRAE/c_7979 | https://soilwise-he.github.io/soil-health#SoilRespiration,,https://doi.org/10.4324/9780203021231
https://w3id.org/eusoilvoc#SoilRetention,soil retention,,"retention of nutrient, water or fluid, etc. in soil",soil physical processes,,http://imash.leeds.ac.uk/ontologies/atu/SoilPhysics.owl#SoilRetention,,http://imash.leeds.ac.uk/ontologies/atu/SoilPhysics.owl#SoilRetention
https://w3id.org/eusoilvoc#SoilRupture,soil rupture,,,soil failure,,http://imash.leeds.ac.uk/ontologies/atu/SoilPhysics.owl#SoilRupture,,
https://w3id.org/eusoilvoc#SoilSalinity,soil salinity,,A soil condition in which the concentration of soluble salts reaches a level harmful to crops.,soil chemical properties,,http://aims.fao.org/aos/agrovoc/c_35317 | http://imash.leeds.ac.uk/ontologies/atu/SoilPhysics.owl#SoilSalinity | http://opendata.inrae.fr/thesaurusINRAE/c_11569 | http://www.eionet.europa.eu/gemet/concept/11233,,https://doi.org/10.4324/9780203021231
https://w3id.org/eusoilvoc#SoilSalinization,soil salinization,,,soil chemical processes,,http://aims.fao.org/aos/agrovoc/c_35321 | http://imash.leeds.ac.uk/ontologies/atu/SoilPhysics.owl#SoilSalinization | http://opendata.inrae.fr/thesaurusINRAE/c_836 | https://data.geoscience.earth/ncl/ISO11074v2025/3.472,,
https://w3id.org/eusoilvoc#SoilSandContents,soil sand contents,soil sand content,,soil contents,,http://imash.leeds.ac.uk/ontologies/atu/SoilPhysics.owl#SoilSandContent,,
https://w3id.org/eusoilvoc#SoilSaturation,soil saturation,,The state in which the entire pore space between soil solids is filled with water.,soil water physical properties,,http://imash.leeds.ac.uk/ontologies/atu/SoilPhysics.owl#SoilSaturation,,https://doi.org/10.4324/9780203021231
https://w3id.org/eusoilvoc#SoilSealing,soil sealing,,,soil threats,,http://aims.fao.org/aos/agrovoc/c_f9554e7c | https://soilwise-he.github.io/soil-health#SoilSealing,http://opendata.inrae.fr/thesaurusINRAE/c_11338,
https://w3id.org/eusoilvoc#SoilSealingConsistence,soil sealing consistence,,"The sealing consistence of soil describes the resistance of the soil to the formation of a surface crust or compacted layer, which can impede water infiltration and root penetration. This phenomenon typically occurs in fine-textured soils, such as clays and silts, where the particles are tightly bound, leading to a hardened surface layer upon wetting and drying. Sealing consistence affects water movement and can lead to surface runoff and erosion in agricultural soils. Source: Soil Science Society of America (SSSA). (2008). Glossary of Soil Science Terms. Soil Science Society of America.",soil sealing,,http://w3id.org/glosis/model/surface/sealingConsistenceProperty,,http://w3id.org/glosis/model/surface/sealingConsistenceProperty
https://w3id.org/eusoilvoc#SoilSealingThickness,soil sealing thickness,,"The sealing thickness refers to the depth of the compacted or sealed layer within the soil, which is typically a result of intense rainfall, drying, or tillage practices. This layer, which forms in fine-textured soils, can significantly reduce water infiltration and root growth, leading to reduced soil aeration and potential surface runoff. The sealing thickness property is crucial for understanding soil erosion risks and water management in agricultural systems. Source: Pagliai, M., & Vignozzi, N. (2002). Soil Structure and Soil Quality: A Review of the State of the Art. Agriculture, Ecosystems & Environment, 88(3), 77-86.",soil sealing,,http://w3id.org/glosis/model/surface/sealingThicknessProperty,,http://w3id.org/glosis/model/surface/sealingThicknessProperty
https://w3id.org/eusoilvoc#SoilSecondaryParticles,soil secondary particles,soil secondary particle,Soil particles composed of primary particles that can be subdivided into their soil separates by chemical or mechanical dispersion.,soil particles,,http://imash.leeds.ac.uk/ontologies/atu/SoilPhysics.owl#SoilSecondaryParticle,,https://doi.org/10.4324/9780203021231
https://w3id.org/eusoilvoc#SoilSedimentation,soil sedimentation,,"In particle-size analysis, the settling of soil particles through a liquid at rates that depend on particle size and the properties of the liquid.",soil physical processes,,http://imash.leeds.ac.uk/ontologies/atu/SoilPhysics.owl#SoilSedimentation,,https://doi.org/10.4324/9780203021231
https://w3id.org/eusoilvoc#SoilSeepage,soil seepage,,,soil engineering functions,,http://imash.leeds.ac.uk/ontologies/atu/SoilPhysics.owl#SoilSeepage,,
https://w3id.org/eusoilvoc#SoilSensitivity,soil sensitivity,,The ratio of the strength of undisturbed soil to the strength of the same soil completely remolded at constant volume.,soil physical properties,,http://imash.leeds.ac.uk/ontologies/atu/SoilPhysics.owl#SoilSensitivity | https://soilwise-he.github.io/soil-health#SoilSensitivity,,https://doi.org/10.4324/9780203021231
https://w3id.org/eusoilvoc#SoilSeparate,soil separate,,A discrete primary soil-particle unit that cannot be further subdivided.,soil particles,,http://imash.leeds.ac.uk/ontologies/atu/SoilPhysics.owl#SoilSeparate,,https://doi.org/10.4324/9780203021231
https://w3id.org/eusoilvoc#SoilSettlement,soil settlement,,,soil subsidence,,http://imash.leeds.ac.uk/ontologies/atu/SoilPhysics.owl#SoilSettlement,,
https://w3id.org/eusoilvoc#SoilShearStrain,soil shear strain,,"Angular deformation of soil, expressed for small deformations as γ = u/h, where u is lateral or tangential displacement and h is soil height; this ratio is the tangent of the deformation angle.",soil strain,,http://imash.leeds.ac.uk/ontologies/atu/SoilPhysics.owl#SoilShearStrain,,https://doi.org/10.4324/9780203021231
https://w3id.org/eusoilvoc#SoilShearStrength,soil shear strength,,The resistance of soil to deformation by continuous shear displacement of its particles under tangential stress.,soil strength,,http://imash.leeds.ac.uk/ontologies/atu/SoilPhysics.owl#SoilShearStrength,,https://doi.org/10.4324/9780203021231
https://w3id.org/eusoilvoc#SoilShrinkage,soil shrinkage,,The decrease in total soil volume associated with loss of soil water during drying.,soil volume change,,http://imash.leeds.ac.uk/ontologies/atu/SoilPhysics.owl#SoilShrinkage,,https://doi.org/10.4324/9780203021231
https://w3id.org/eusoilvoc#SoilShrinking,soil shrinking,,The decrease in total soil volume associated with removal of soil water during drying.,soil volume change,,http://imash.leeds.ac.uk/ontologies/atu/SoilPhysics.owl#SoilShrinking,,https://doi.org/10.4324/9780203021231
https://w3id.org/eusoilvoc#SoilSiltContents,soil silt contents,soil silt content,,soil contents,,http://imash.leeds.ac.uk/ontologies/atu/SoilPhysics.owl#SoilSiltContent,,
https://w3id.org/eusoilvoc#SoilSlaking,soil slaking,,"The initial fragmentation of soil aggregates several millimetres in diameter, which may disintegrate further into microaggregates.",soil physical processes,,http://imash.leeds.ac.uk/ontologies/atu/SoilPhysics.owl#SoilSlaking,,https://doi.org/10.4324/9780203021231
https://w3id.org/eusoilvoc#SoilSlopeStability,soil slope stability,,,soil stability,,http://imash.leeds.ac.uk/ontologies/atu/SoilPhysics.owl#SoilSlopeStability,,
https://w3id.org/eusoilvoc#SoilSlowDrying,soil slow drying,,,soil drying,,http://imash.leeds.ac.uk/ontologies/atu/SoilPhysics.owl#SoilSlowDrying,,
https://w3id.org/eusoilvoc#SoilSlowWetting,soil slow wetting,,,soil wetting,,http://imash.leeds.ac.uk/ontologies/atu/SoilPhysics.owl#SoilSlowWetting,,
https://w3id.org/eusoilvoc#SoilSolid,soil solid,,The inorganic and organic components that form the matrix or body of most soils.,soil components,,http://imash.leeds.ac.uk/ontologies/atu/SoilPhysics.owl#SoilSolid,,https://doi.org/10.4324/9780203021231
https://w3id.org/eusoilvoc#SoilSolidTransport,soil solid transport,,,soil transport,,http://imash.leeds.ac.uk/ontologies/atu/SoilPhysics.owl#SoilSolidTransport,,
https://w3id.org/eusoilvoc#SoilSoluteConvection,soil solute convection,,,soil solute transport,,http://imash.leeds.ac.uk/ontologies/atu/SoilPhysics.owl#SoilSoluteConvection,,
https://w3id.org/eusoilvoc#SoilSoluteConvectiveTransport,soil solute convective transport,,"The passive movement of solutes through the soil matrix with flowing soil water, also called advective transport.",soil solute transport,,http://imash.leeds.ac.uk/ontologies/atu/SoilPhysics.owl#SoilSoluteConvectiveTransport,,https://doi.org/10.4324/9780203021231
https://w3id.org/eusoilvoc#SoilSoluteDiffusion,soil solute diffusion,,,soil solute transport,,http://imash.leeds.ac.uk/ontologies/atu/SoilPhysics.owl#SoilSoluteDiffusion,,
https://w3id.org/eusoilvoc#SoilSoluteDiffusiveTransport,soil solute diffusive transport,,"The spontaneous movement of dissolved ions and molecules through soil due to random thermal motion, tending to reduce concentration gradients.",soil solute transport,,http://imash.leeds.ac.uk/ontologies/atu/SoilPhysics.owl#SoilSoluteDiffusiveTransport,,https://doi.org/10.4324/9780203021231
https://w3id.org/eusoilvoc#SoilSoluteDispersion,soil solute dispersion,,"A passive mixing process in soil that tends to even out solute concentration gradients, described as hydrodynamic dispersion.",soil solute transport,,http://imash.leeds.ac.uk/ontologies/atu/SoilPhysics.owl#SoilSoluteDispersion,,https://doi.org/10.4324/9780203021231
https://w3id.org/eusoilvoc#SoilSoluteDispersiveTransport,soil solute dispersive transport,,The spreading and mixing of solutes during soil-water movement caused by variations in pore-water velocity around the average velocity and by differences in pore pathways.,soil solute transport,,http://imash.leeds.ac.uk/ontologies/atu/SoilPhysics.owl#SoilSoluteDispersiveTransport,,https://doi.org/10.4324/9780203021231
https://w3id.org/eusoilvoc#SoilSoluteDispersivity,soil solute dispersivity,,The proportionality constant λ relating the hydrodynamic dispersion coefficient D to pore-water velocity v in the relation D = λv.,soil solute physical properties,,http://imash.leeds.ac.uk/ontologies/atu/SoilPhysics.owl#SoilSoluteDispersivity,,https://doi.org/10.4324/9780203021231
https://w3id.org/eusoilvoc#SoilSoluteFluxDensity,soil solute flux density,,The net amount of solute crossing a plane of unit area in unit time within a soil transport system.,soil solute physical properties,,http://imash.leeds.ac.uk/ontologies/atu/SoilPhysics.owl#SoilSoluteFluxDensity,,https://doi.org/10.4324/9780203021231
https://w3id.org/eusoilvoc#SoilSolutePhysicalProperties,soil solute physical properties,soil solute physical property,physical property relating to soil solute,soil physical properties,,http://imash.leeds.ac.uk/ontologies/atu/SoilPhysics.owl#SoilSolutePhysicalProperty,,http://imash.leeds.ac.uk/ontologies/atu/SoilPhysics.owl#SoilSolutePhysicalProperty
https://w3id.org/eusoilvoc#SoilSoluteTransport,soil solute transport,,"Movement of dissolved substances through the soil matrix with soil water and along concentration gradients, involving convection, diffusion, and dispersion.",soil transport,,http://imash.leeds.ac.uk/ontologies/atu/SoilPhysics.owl#SoilSoluteTransport,,https://doi.org/10.4324/9780203021231
https://w3id.org/eusoilvoc#SoilSolutes,soil solutes,soil solute,"In the textbook's soil-water transport context, substances dissolved or carried in soil water, such as salts, fertilizers, and pesticides, that may remain physically and chemically unchanged or undergo reactions and changes of phase within the soil.",soil components | soil solution,,http://imash.leeds.ac.uk/ontologies/atu/SoilPhysics.owl#SoilSolute,,https://doi.org/10.4324/9780203021231
https://w3id.org/eusoilvoc#SoilSolution,soil solution,,"The liquid component of soil, consisting of a dilute aqueous solution of inorganic and organic compounds.",soil components | soil liquid,,http://aims.fao.org/aos/agrovoc/c_7192 | http://imash.leeds.ac.uk/ontologies/atu/SoilPhysics.owl#SoilSolution | http://opendata.inrae.fr/thesaurusINRAE/c_13587 | https://soilwise-he.github.io/soil-health#SoilSolution,,https://doi.org/10.4324/9780203021231
https://w3id.org/eusoilvoc#SoilSorption,soil sorption,,"In the book's breakthrough-curve description, soil sorption is the soil-solute interaction represented by retardation of the solute breakthrough curve relative to transport without soil-solute interaction.",soil chemical processes,,http://aims.fao.org/aos/agrovoc/c_15868 | http://imash.leeds.ac.uk/ontologies/atu/SoilPhysics.owl#SoilSorption | http://opendata.inrae.fr/thesaurusINRAE/c_189,,https://doi.org/10.4324/9780203021231
https://w3id.org/eusoilvoc#SoilSpatialProperties,soil spatial properties,soil spatial property,,soil properties,,http://imash.leeds.ac.uk/ontologies/atu/SoilPhysics.owl#SoilSpatialProperty,,
https://w3id.org/eusoilvoc#SoilSpecificGravity,soil specific gravity,,The ratio of soil particle density to the density of water.,soil density,,http://imash.leeds.ac.uk/ontologies/atu/SoilPhysics.owl#SoilSpecificGravity,,https://doi.org/10.4324/9780203021231
https://w3id.org/eusoilvoc#SoilStability,soil stability,,,soil physical properties,,http://imash.leeds.ac.uk/ontologies/atu/SoilPhysics.owl#SoilStability | http://opendata.inrae.fr/thesaurusINRAE/c_1400 | http://www.eionet.europa.eu/gemet/concept/12717 | https://soilwise-he.github.io/soil-health#SoilStability,,
https://w3id.org/eusoilvoc#SoilStrain,soil strain,,Deformation of soil produced in response to stress.,soil deformation,,http://imash.leeds.ac.uk/ontologies/atu/SoilPhysics.owl#SoilStrain,,https://doi.org/10.4324/9780203021231
https://w3id.org/eusoilvoc#SoilStrainHardening,soil strain hardening,,A material property governing a gradual transition from elastic to plastic behavior under stress; soil under compactive stress may exhibit it as its structure changes.,soil phenomena,,http://imash.leeds.ac.uk/ontologies/atu/SoilPhysics.owl#SoilStrainHardening,,https://doi.org/10.4324/9780203021231
https://w3id.org/eusoilvoc#SoilStrength,soil strength,,The resistance that must be overcome to produce a specified deformation of soil.,soil physical properties,,http://aims.fao.org/aos/agrovoc/c_25399 | http://imash.leeds.ac.uk/ontologies/atu/SoilPhysics.owl#SoilStrength,,https://doi.org/10.4324/9780203021231
https://w3id.org/eusoilvoc#SoilStrengthIndex,soil strength index,,,soil structure index,,http://imash.leeds.ac.uk/ontologies/atu/SoilPhysics.owl#SoilStrengthIndex,,
https://w3id.org/eusoilvoc#SoilStructuralChange,soil structural change,,,soil physical processes,,http://imash.leeds.ac.uk/ontologies/atu/SoilPhysics.owl#SoilStructuralChange,,
https://w3id.org/eusoilvoc#SoilStructuralCrusts,soil structural crusts,soil structural crust,A soil crust formed by disruption of aggregates through raindrop impact and physicochemical dispersion of soil clays.,soil physical crusts,,http://imash.leeds.ac.uk/ontologies/atu/SoilPhysics.owl#SoilStructuralCrust,,https://doi.org/10.4324/9780203021231
https://w3id.org/eusoilvoc#SoilStructuralDecline,soil structural decline,,Deterioration of soil structure through reduction or reversal of the aggregation process.,soil chemical degradative processes | soil physical degradative processes,,http://imash.leeds.ac.uk/ontologies/atu/SoilPhysics.owl#SoilStructuralDecline,,https://doi.org/10.4324/9780203021231
https://w3id.org/eusoilvoc#SoilStructuralMovement,soil structural movement,,,soil movement,,http://imash.leeds.ac.uk/ontologies/atu/SoilPhysics.owl#SoilStructuralMovement,,
https://w3id.org/eusoilvoc#SoilStructuralResilience,soil structural resilience,,The ability of soil structure to recover after a major disruption of the aggregation process.,soil physical properties,,http://imash.leeds.ac.uk/ontologies/atu/SoilPhysics.owl#SoilStructuralResilience,,https://doi.org/10.4324/9780203021231
https://w3id.org/eusoilvoc#SoilStructuralStability,soil structural stability,,The ability of a soil to retain its arrangement of solids and void space when external forces are applied.,soil physical properties,,http://imash.leeds.ac.uk/ontologies/atu/SoilPhysics.owl#SoilStructuralStability,,https://doi.org/10.4324/9780203021231
https://w3id.org/eusoilvoc#SoilStructure,soil structure,,"The size, shape, arrangement and packing of soil particles into identifiable units called aggregates or peds.",soil physical properties,,http://aims.fao.org/aos/agrovoc/c_7196 | http://imash.leeds.ac.uk/ontologies/atu/SoilPhysics.owl#SoilStructure | http://opendata.inrae.fr/thesaurusINRAE/c_11453 | http://www.eionet.europa.eu/gemet/concept/7895 | https://data.geoscience.earth/ncl/ISO11074v2025/3.475 | https://soilwise-he.github.io/soil-health#SoilStructure,,https://doi.org/10.4324/9780203021231
https://w3id.org/eusoilvoc#SoilStructureIndex,soil structure index,,A measure used to assess soil structure from aggregate analysis or from other soil properties related to structure.,soil indicators,,http://imash.leeds.ac.uk/ontologies/atu/SoilPhysics.owl#SoilStructureIndex,,https://doi.org/10.4324/9780203021231
https://w3id.org/eusoilvoc#SoilStructureIndirectIndex,soil structure indirect index,,,soil structure index,,http://imash.leeds.ac.uk/ontologies/atu/SoilPhysics.owl#SoilStructureIndirectIndex,,
https://w3id.org/eusoilvoc#SoilSubsidence,soil subsidence,,,soil movement,,http://imash.leeds.ac.uk/ontologies/atu/SoilPhysics.owl#SoilSubsidence | http://www.eionet.europa.eu/gemet/concept/7896,,
https://w3id.org/eusoilvoc#SoilSubstance,soil substance,,,,,http://imash.leeds.ac.uk/ontologies/atu/SoilPhysics.owl#SoilSubstance,,
https://w3id.org/eusoilvoc#SoilSurfaceAge,soil surface age,,"Surface Age refers to the estimated age of a surface layer of soil or landform, which is important for understanding the degree of soil weathering, development, and fertility. Older surfaces may have more developed soils, while younger surfaces may be less fertile and more prone to erosion. Source: FAO, 'Soil Formation and Evolution'",soil age,,http://w3id.org/glosis/model/siteplot/surfaceAgeProperty,,http://w3id.org/glosis/model/siteplot/surfaceAgeProperty
https://w3id.org/eusoilvoc#SoilSurfaceCharge,soil surface charge,,"Electric charge on soil-particle surfaces, comprising permanent charge associated with structural properties and variable charge associated with surface proton and hydroxyl imbalance.",soil charge properties,,http://imash.leeds.ac.uk/ontologies/atu/SoilPhysics.owl#SoilSurfaceCharge,,https://doi.org/10.4324/9780203021231
https://w3id.org/eusoilvoc#SoilSurfaceSeal,soil surface seal,,"A thin, dense layer at the soil surface characterized by low porosity, high density, and low permeability to air and water.",soil substance,,http://imash.leeds.ac.uk/ontologies/atu/SoilPhysics.owl#SoilSurfaceSeal,,https://doi.org/10.4324/9780203021231
https://w3id.org/eusoilvoc#SoilSurfaceSealFormation,soil surface seal formation,,"Formation of a thin, dense layer at the soil surface through dispersion and reorientation of particles followed by drying and hardening; the resulting seal has low porosity and low permeability to air and water.",soil chemical degradative processes | soil physical degradative processes,,http://imash.leeds.ac.uk/ontologies/atu/SoilPhysics.owl#SoilSurfaceSealFormation,,https://doi.org/10.4324/9780203021231
https://w3id.org/eusoilvoc#SoilSurfaceSealing,soil surface sealing,,"Formation of a thin, dense layer at the soil surface through dispersion and reorientation of particles followed by drying and hardening; the resulting seal has low porosity and low permeability to air and water.",soil chemical degradative processes | soil physical degradative processes,,http://imash.leeds.ac.uk/ontologies/atu/SoilPhysics.owl#SoilSurfaceSealing | http://www.eionet.europa.eu/gemet/concept/7897,,https://doi.org/10.4324/9780203021231
https://w3id.org/eusoilvoc#SoilSwellShrinkCapacity,soil swell shrink capacity,,,soil physical capacity | soil swell shrink properties,,http://imash.leeds.ac.uk/ontologies/atu/SoilPhysics.owl#SoilSwellShrinkCapacity,,
https://w3id.org/eusoilvoc#SoilSwellShrinkProperties,soil swell shrink properties,soil swell shrink property,,soil physical properties,,http://imash.leeds.ac.uk/ontologies/atu/SoilPhysics.owl#SoilSwellShrinkProperty,,
https://w3id.org/eusoilvoc#SoilSwelling,soil swelling,,An increase in soil volume caused by absorption of water or other polar liquids.,soil volume change,,http://imash.leeds.ac.uk/ontologies/atu/SoilPhysics.owl#SoilSwelling,,https://doi.org/10.4324/9780203021231
https://w3id.org/eusoilvoc#SoilSwellingCapacity,soil swelling capacity,,,soil swell shrink capacity,,http://imash.leeds.ac.uk/ontologies/atu/SoilPhysics.owl#SoilSwellingCapacity,,
https://w3id.org/eusoilvoc#SoilSwellingPotential,soil swelling potential,,,soil swell shrink properties,,http://imash.leeds.ac.uk/ontologies/atu/SoilPhysics.owl#SoilSwellingPotential,,
https://w3id.org/eusoilvoc#SoilTangentialStrain,soil tangential strain,,,soil strain,,http://imash.leeds.ac.uk/ontologies/atu/SoilPhysics.owl#SoilTangentialStrain,,
https://w3id.org/eusoilvoc#SoilTemperature,soil temperature,,A measure of the thermal state of soil with respect to its ability to transfer heat.,soil physical properties,,http://aims.fao.org/aos/agrovoc/c_7197 | http://imash.leeds.ac.uk/ontologies/atu/SoilPhysics.owl#SoilTemperature | http://opendata.inrae.fr/thesaurusINRAE/c_513 | https://soilwise-he.github.io/soil-health#SoilTemperature,,https://doi.org/10.4324/9780203021231
https://w3id.org/eusoilvoc#SoilTexture,soil texture,,"A qualitative characterization of soil particle sizes based on the feel of the soil material, such as coarse, gritty, fine or smooth. | The Soil Texture refers to the relative proportions of sand, silt, and clay in a soil. It is a key indicator of the soil’s ability to retain moisture, drain water, and support root growth. Soils can be classified into textures such as sandy, loamy, or clayey, each with distinct characteristics affecting soil management. Source: Soil Science Society of America. (2008). Soil Science Glossary. Soil Science Society of America.",soil physical properties,,http://aims.fao.org/aos/agrovoc/c_7199 | http://imash.leeds.ac.uk/ontologies/atu/SoilPhysics.owl#SoilTexture | http://opendata.inrae.fr/thesaurusINRAE/c_394 | http://w3id.org/glosis/model/common/textureProperty | http://www.eionet.europa.eu/gemet/concept/7898 | https://data.geoscience.earth/ncl/ISO11074v2025/3.476 | https://soilwise-he.github.io/soil-health#SoilTexture,,https://doi.org/10.4324/9780203021231 | http://w3id.org/glosis/model/common/textureProperty
https://w3id.org/eusoilvoc#SoilThawing,soil thawing,,,soil water physical processes,,http://imash.leeds.ac.uk/ontologies/atu/SoilPhysics.owl#SoilThawing,,
https://w3id.org/eusoilvoc#SoilThermalConductivity,soil thermal conductivity,,The quantity of heat transferred through soil per unit cross-sectional area and unit time under a unit temperature gradient.,soil thermal properties,,http://imash.leeds.ac.uk/ontologies/atu/SoilPhysics.owl#SoilThermalConductivity,,https://doi.org/10.4324/9780203021231
https://w3id.org/eusoilvoc#SoilThermalDiffusivity,soil thermal diffusivity,,"The ratio of soil thermal conductivity KT to volumetric heat capacity CV, expressed as DT = KT/CV.",soil thermal properties,,http://imash.leeds.ac.uk/ontologies/atu/SoilPhysics.owl#SoilThermalDiffusivity,,https://doi.org/10.4324/9780203021231
https://w3id.org/eusoilvoc#SoilThermalProcesses,soil thermal processes,soil thermal process,,soil physical processes,,http://imash.leeds.ac.uk/ontologies/atu/SoilPhysics.owl#SoilThermalProcess,,
https://w3id.org/eusoilvoc#SoilThermalProperties,soil thermal properties,soil thermal property,,soil physical properties,,http://imash.leeds.ac.uk/ontologies/atu/SoilPhysics.owl#SoilThermalProperty,,
https://w3id.org/eusoilvoc#SoilThreats,soil threats,soil threat,"Soil threats are processes that could degrade (some of) the functions of soils and the services that soils provide. Examples of soil threats are: acidification, compaction, contamination (pollution), decline in soil organic matter, decline in soil biodiversity, desertification, erosion, flooding and water logging, landslides, salinization.",,,https://soilwise-he.github.io/soil-health#SoilThreats,,https://soilhealthbenchmarks.eu/glossary/soil-threat/
https://w3id.org/eusoilvoc#SoilTillage,soil tillage,,"The mechanical manipulation of soil to improve aeration, control weeds and incorporate organic matter.",soil management,,http://imash.leeds.ac.uk/ontologies/atu/SoilPhysics.owl#SoilTillage,,https://doi.org/10.4324/9780203021231
https://w3id.org/eusoilvoc#SoilTilth,soil tilth,,"The physical condition of soil in relation to its ease of tillage, suitability as a seedbed, and support for seedling emergence and root penetration.",soil physical properties,,http://imash.leeds.ac.uk/ontologies/atu/SoilPhysics.owl#SoilTilth,,https://doi.org/10.4324/9780203021231
https://w3id.org/eusoilvoc#SoilTotalCarbon,soil total carbon,,"Total carbon in soil includes both organic carbon (from plant and microbial residues) and inorganic carbon (primarily carbonates). It is a fundamental component of soil organic matter, influencing soil fertility, structure, and water retention. High carbon levels are associated with better soil health and productivity. Source: USDA NRCS.",soil components,,http://w3id.org/glosis/model/codelists/physioChemicalPropertyCode-Cartot,,http://w3id.org/glosis/model/codelists/physioChemicalPropertyCode-Cartot
https://w3id.org/eusoilvoc#SoilTrafficability,soil trafficability,,ability to withstand vehicular traffic,soil engineering functions | soil physical properties,,http://aims.fao.org/aos/agrovoc/c_093ee711 | http://imash.leeds.ac.uk/ontologies/atu/SoilPhysics.owl#SoilTrafficability,,http://imash.leeds.ac.uk/ontologies/atu/SoilPhysics.owl#SoilTrafficability
https://w3id.org/eusoilvoc#SoilTransport,soil transport,,"transport of solid, solute, etc. in soil",soil physical processes,,http://imash.leeds.ac.uk/ontologies/atu/SoilPhysics.owl#SoilTransport,,http://imash.leeds.ac.uk/ontologies/atu/SoilPhysics.owl#SoilTransport
https://w3id.org/eusoilvoc#SoilTransportability,soil transportability,,,soil physical properties,,http://imash.leeds.ac.uk/ontologies/atu/SoilPhysics.owl#SoilTransportability,,
https://w3id.org/eusoilvoc#SoilTrueDensity,soil true density,,,soil density,,http://imash.leeds.ac.uk/ontologies/atu/SoilPhysics.owl#SoilTrueDensity,,
https://w3id.org/eusoilvoc#SoilTypes,soil types,soil type,"The Soil Type categorizes soils based on their physical, chemical, and mineralogical characteristics, as well as their formation processes. It identifies specific soil types, such as sandy, loamy, or clayey soils, or more detailed classifications like Mollisols, Alfisols, or Vertisols, depending on the classification system used (e.g., USDA Soil Taxonomy or FAO WRB). Understanding soil type is essential for predicting soil behavior, determining suitable land uses, and managing resources effectively. Source: USDA-NRCS (1999). Soil Taxonomy: A Basic System of Soil Classification for Making and Interpreting Soil Surveys; FAO (2015). World Reference Base for Soil Resources.",soil physical properties,,http://aims.fao.org/aos/agrovoc/c_7204 | http://imash.leeds.ac.uk/ontologies/atu/SoilPhysics.owl#SoilType | http://w3id.org/glosis/model/profile/soilTypeProperty | https://soilwise-he.github.io/soil-health#SoilTypes,,http://w3id.org/glosis/model/profile/soilTypeProperty
https://w3id.org/eusoilvoc#SoilVapourPressure,soil vapour pressure,,,soil physical properties,,http://imash.leeds.ac.uk/ontologies/atu/SoilPhysics.owl#SoilVaporPressure,,
https://w3id.org/eusoilvoc#SoilViscosity,soil viscosity,,"The coefficient k identified as viscosity in the soil-flow expression V = kμ(F − F′), where V is the volume of flow, μ is the coefficient of mobility, F is the applied force, and F′ is the force needed to overcome cohesion; in viscous flow F′ is zero.",soil physical properties,,http://imash.leeds.ac.uk/ontologies/atu/SoilPhysics.owl#SoilViscosity,,https://doi.org/10.4324/9780203021231
https://w3id.org/eusoilvoc#SoilVoids,soil voids,soil void,,soil physical properties | soil pore physical properties,,http://imash.leeds.ac.uk/ontologies/atu/SoilPhysics.owl#SoilVoid,,
https://w3id.org/eusoilvoc#SoilVolume,soil volume,,"The total volume of a soil quantity, comprising the volumes of its solid, liquid and gaseous components; the solid volume includes inorganic and organic components.",soil physical properties,,http://imash.leeds.ac.uk/ontologies/atu/SoilPhysics.owl#SoilVolume,,https://doi.org/10.4324/9780203021231
https://w3id.org/eusoilvoc#SoilVolumeChange,soil volume change,,,soil deformation,,http://imash.leeds.ac.uk/ontologies/atu/SoilPhysics.owl#SoilVolumeChange,,
https://w3id.org/eusoilvoc#SoilVolumetricMoistureContents,soil volumetric moisture contents,soil volumetric moisture content,The volume of soil water divided by the total volume of soil.,soil moisture contents,,http://imash.leeds.ac.uk/ontologies/atu/SoilPhysics.owl#SoilVolumetricMoistureContent,,https://doi.org/10.4324/9780203021231
https://w3id.org/eusoilvoc#SoilWarming,soil warming,,,soil thermal processes,,http://imash.leeds.ac.uk/ontologies/atu/SoilPhysics.owl#SoilWarming,,
https://w3id.org/eusoilvoc#SoilWater,soil water,,"Water contained in soil, usually not free water and therefore also termed soil moisture.",soil components,,http://aims.fao.org/aos/agrovoc/c_7205 | http://imash.leeds.ac.uk/ontologies/atu/SoilPhysics.owl#SoilWater | http://opendata.inrae.fr/thesaurusINRAE/c_659 | http://www.eionet.europa.eu/gemet/concept/7902 | https://data.geoscience.earth/ncl/ISO11074v2025/3.479,,https://doi.org/10.4324/9780203021231
https://w3id.org/eusoilvoc#SoilWaterAbsorption,soil water absorption,,"Uptake of water by soil colloids, described as hydration at exchange sites and exchangeable cations, followed by growth of water films and capillary condensation as relative vapor pressure rises.",soil absorption,,http://imash.leeds.ac.uk/ontologies/atu/SoilPhysics.owl#SoilWaterAbsorption,,https://doi.org/10.4324/9780203021231
https://w3id.org/eusoilvoc#SoilWaterAbsorptionCapacity,soil water absorption capacity,,,soil physical capacity | soil water physical properties,,http://imash.leeds.ac.uk/ontologies/atu/SoilPhysics.owl#SoilWaterAbsorptionCapacity,,
https://w3id.org/eusoilvoc#SoilWaterAdsorption,soil water adsorption,,"Attachment of water molecules to clay surfaces, where they may be held by hydrogen bonding or electrostatic attraction; the water so held is termed adsorbed water.",soil adsorption,,http://imash.leeds.ac.uk/ontologies/atu/SoilPhysics.owl#SoilWaterAdsorption,,https://doi.org/10.4324/9780203021231
https://w3id.org/eusoilvoc#SoilWaterAffinity,soil water affinity,,,soil water physical properties,,http://imash.leeds.ac.uk/ontologies/atu/SoilPhysics.owl#SoilWaterAffinity,,
https://w3id.org/eusoilvoc#SoilWaterAvailability,soil water availability,,,soil agricultural functions | soil water physical properties,,http://imash.leeds.ac.uk/ontologies/atu/SoilPhysics.owl#SoilWaterAvailability,,
https://w3id.org/eusoilvoc#SoilWaterCharacteristics,soil water characteristics,soil water characteristic,"The relationship between soil moisture content and soil matric potential, also expressed as a soil moisture characteristic curve or pF curve.",soil water physical properties,,http://aims.fao.org/aos/agrovoc/c_330770 | http://imash.leeds.ac.uk/ontologies/atu/SoilPhysics.owl#SoilWaterCharacteristics,,https://doi.org/10.4324/9780203021231
https://w3id.org/eusoilvoc#SoilWaterCondensation,soil water condensation,,The conversion of water vapor to liquid water in the soil system.,soil water physical processes,,http://imash.leeds.ac.uk/ontologies/atu/SoilPhysics.owl#SoilWaterCondensation,,https://doi.org/10.4324/9780203021231
https://w3id.org/eusoilvoc#SoilWaterConductivity,soil water conductivity,,,soil water physical properties,,http://imash.leeds.ac.uk/ontologies/atu/SoilPhysics.owl#SoilWaterConductivity,,
https://w3id.org/eusoilvoc#SoilWaterContents,soil water contents,soil water content,"The water that may be evaporated from soil by heating it at 105°C to constant weight; the temperature limit is operational, and clayey soils may retain water at that temperature.",soil water physical properties,,http://imash.leeds.ac.uk/ontologies/atu/SoilPhysics.owl#SoilWaterContent,,https://doi.org/10.4324/9780203021231
https://w3id.org/eusoilvoc#SoilWaterDiffusivity,soil water diffusivity,,"The soil-water transport coefficient tabulated as Dθ = Kθ(dΦm/dθ), with dimensions of area per time.",soil water physical properties,,http://imash.leeds.ac.uk/ontologies/atu/SoilPhysics.owl#SoilWaterDiffusivity,,https://doi.org/10.4324/9780203021231
https://w3id.org/eusoilvoc#SoilWaterEvapouration,soil water evapouration,,The loss of water from bare soil to the atmosphere through conversion of liquid water to water vapor.,evapouration | soil water physical processes,,http://imash.leeds.ac.uk/ontologies/atu/SoilPhysics.owl#SoilWaterEvaporation,,https://doi.org/10.4324/9780203021231
https://w3id.org/eusoilvoc#SoilWaterEvapourationRate,soil water evapouration rate,,"The rate at which water is lost from soil by evaporation, expressed as water depth per unit time; in the book’s modeled profile of depth L, it is expressed as e = -L ∂θ/∂t, where θ is soil water content and t is time.",soil water transmission index,,http://imash.leeds.ac.uk/ontologies/atu/SoilPhysics.owl#SoilWaterEvaporationRate,,https://doi.org/10.4324/9780203021231
https://w3id.org/eusoilvoc#SoilWaterFlow,soil water flow,,"Movement of water through the porous soil matrix, driven under isothermal conditions by differences in potential energy from a region of greater potential toward one of smaller potential.",soil water movement,,http://imash.leeds.ac.uk/ontologies/atu/SoilPhysics.owl#SoilWaterFlow,,https://doi.org/10.4324/9780203021231
https://w3id.org/eusoilvoc#SoilWaterHoldingCapacity,soil water holding capacity,,,soil physical capacity | soil water physical properties,,http://imash.leeds.ac.uk/ontologies/atu/SoilPhysics.owl#SoilWaterHoldingCapacity,,
https://w3id.org/eusoilvoc#SoilWaterInfiltration,soil water infiltration,,The entry of water into the soil matrix through the air–soil interface. | infiltration of water into the soil,soil water physical processes | water interchange,,http://imash.leeds.ac.uk/ontologies/atu/SoilPhysics.owl#SoilWaterInfiltration,,https://doi.org/10.4324/9780203021231 | http://imash.leeds.ac.uk/ontologies/atu/SoilPhysics.owl#SoilWaterInfiltration
https://w3id.org/eusoilvoc#SoilWaterInfiltrationCapacity,soil water infiltration capacity,,The maximum rate at which water can infiltrate into the soil profile.,soil physical capacity | soil water physical properties | soil water transmission index,,http://imash.leeds.ac.uk/ontologies/atu/SoilPhysics.owl#SoilWaterInfiltrationCapacity,,https://doi.org/10.4324/9780203021231
https://w3id.org/eusoilvoc#SoilWaterInfiltrationRate,soil water infiltration rate,,"The volume of water entering soil through a unit surface area per unit time, equivalently the infiltrated water depth per unit time.",soil water transmission index,,http://imash.leeds.ac.uk/ontologies/atu/SoilPhysics.owl#SoilWaterInfiltrationRate,,https://doi.org/10.4324/9780203021231
https://w3id.org/eusoilvoc#SoilWaterInfiltrationRateClass,soil water infiltration rate class,,"The Soil Water Infiltration Rate Class classifies the soil’s ability to absorb water based on observed infiltration rates. This classification is typically divided into categories like slow, moderate, or rapid infiltration, based on how quickly water is absorbed into the soil. It is an essential property for understanding drainage, runoff, and irrigation needs. Source: Hillel, D. (2004). Introduction to Soil Physics. Academic Press.",soil description,,http://w3id.org/glosis/model/common/infiltrationRateClassProperty,,http://w3id.org/glosis/model/common/infiltrationRateClassProperty
https://w3id.org/eusoilvoc#SoilWaterInfiltrationRateNumeric,soil water infiltration rate numeric,,"The Soil Water Infiltration Rate Numeric provides a quantitative measure of the rate at which water enters the soil, usually expressed in units such as millimeters per hour (mm/h). This numeric value is essential for determining soil permeability, irrigation management, and runoff prediction. Higher infiltration rates indicate well-drained soils, while lower rates suggest compacted or clay-rich soils. Source: Bouwer, H. (2000). Integrated Water Management for the 21st Century. Water Resources Research.",soil water infiltration rate,,http://w3id.org/glosis/model/common/infiltrationRateNumericProperty,,http://w3id.org/glosis/model/common/infiltrationRateNumericProperty
https://w3id.org/eusoilvoc#SoilWaterLoss,soil water loss,,,soil water physical processes,,http://imash.leeds.ac.uk/ontologies/atu/SoilPhysics.owl#SoilWaterLoss,,
https://w3id.org/eusoilvoc#SoilWaterMovement,soil water movement,,Water movement within or through soil,soil water physical processes,,http://aims.fao.org/aos/agrovoc/c_7209 | http://imash.leeds.ac.uk/ontologies/atu/SoilPhysics.owl#SoilWaterMovement,,http://imash.leeds.ac.uk/ontologies/atu/SoilPhysics.owl#SoilWaterMovement
https://w3id.org/eusoilvoc#SoilWaterPermeability,soil water permeability,,,soil permeability | soil water physical properties,,http://imash.leeds.ac.uk/ontologies/atu/SoilPhysics.owl#SoilWaterPermeability,,
https://w3id.org/eusoilvoc#SoilWaterPhysicalProcesses,soil water physical processes,soil water physical process,physical process relating to soil and water,soil physical processes,,http://imash.leeds.ac.uk/ontologies/atu/SoilPhysics.owl#SoilWaterPhysicalProcess,,http://imash.leeds.ac.uk/ontologies/atu/SoilPhysics.owl#SoilWaterPhysicalProcess
https://w3id.org/eusoilvoc#SoilWaterPhysicalProperties,soil water physical properties,soil water physical property,physical property relating to soil and water,soil physical properties,,http://imash.leeds.ac.uk/ontologies/atu/SoilPhysics.owl#SoilWaterPhysicalProperty,,http://imash.leeds.ac.uk/ontologies/atu/SoilPhysics.owl#SoilWaterPhysicalProperty
https://w3id.org/eusoilvoc#SoilWaterPotential,soil water potential,,"The amount of work that a unit quantity of water in an equilibrium soil-moisture system can do when it moves to a reference pool of pure water at atmospheric pressure, at the same temperature and level as the soil moisture.",soil water physical properties,,http://aims.fao.org/aos/agrovoc/c_7210 | http://imash.leeds.ac.uk/ontologies/atu/SoilPhysics.owl#SoilWaterPotential,,https://doi.org/10.4324/9780203021231
https://w3id.org/eusoilvoc#SoilWaterRepellency,soil water repellency,,The repulsion of water by soil particles.,soil phenomena,,http://imash.leeds.ac.uk/ontologies/atu/SoilPhysics.owl#SoilWaterRepellency,,https://doi.org/10.4324/9780203021231
https://w3id.org/eusoilvoc#SoilWaterRetention,soil water retention,,"Holding of water in soil pores and on soil particles by forces of cohesion and adhesion, with surface tension, capillarity and osmotic pressure contributing to that holding.",soil retention | soil water physical processes,,http://aims.fao.org/aos/agrovoc/c_7212 | http://imash.leeds.ac.uk/ontologies/atu/SoilPhysics.owl#SoilWaterRetention | http://opendata.inrae.fr/thesaurusINRAE/c_401,,https://doi.org/10.4324/9780203021231
https://w3id.org/eusoilvoc#SoilWaterRetentionCapacity,soil water retention capacity,,,soil physical capacity,,http://imash.leeds.ac.uk/ontologies/atu/SoilPhysics.owl#SoilWaterRetentionCapacity,,
https://w3id.org/eusoilvoc#SoilWaterRetentionIndex,soil water retention index,,,soil structure index,,http://imash.leeds.ac.uk/ontologies/atu/SoilPhysics.owl#SoilWaterRetentionIndex,,
https://w3id.org/eusoilvoc#SoilWaterSorptionProperties,soil water sorption properties,soil water sorption property,,soil water physical properties,,http://imash.leeds.ac.uk/ontologies/atu/SoilPhysics.owl#SoilWaterSorptionProperty,,
https://w3id.org/eusoilvoc#SoilWaterStorage,soil water storage,,"The quantity of water contained in soil as a reservoir; change in this storage is the balance of precipitation and irrigation inputs against surface runoff, deep drainage and evapotranspiration losses.",soil retention,,http://imash.leeds.ac.uk/ontologies/atu/SoilPhysics.owl#SoilWaterStorage,,https://doi.org/10.4324/9780203021231
https://w3id.org/eusoilvoc#SoilWaterTableDepth,soil water table depth,,,soil spatial properties,,http://imash.leeds.ac.uk/ontologies/atu/SoilPhysics.owl#SoilWaterTableDepth,,
https://w3id.org/eusoilvoc#SoilWaterTablePosition,soil water table position,,,soil spatial properties,,http://imash.leeds.ac.uk/ontologies/atu/SoilPhysics.owl#SoilWaterTablePosition,,
https://w3id.org/eusoilvoc#SoilWaterTransmission,soil water transmission,,,soil transport | soil water movement,,http://imash.leeds.ac.uk/ontologies/atu/SoilPhysics.owl#SoilWaterTransmission,,
https://w3id.org/eusoilvoc#SoilWaterTransmissionIndex,soil water transmission index,,,soil structure index,,http://imash.leeds.ac.uk/ontologies/atu/SoilPhysics.owl#SoilWaterTransmissionIndex,,
https://w3id.org/eusoilvoc#SoilWaterTransport,soil water transport,,"Movement of water through the porous soil matrix, driven under isothermal conditions by differences in potential energy from a region of greater potential toward one of smaller potential.",soil water movement,,http://imash.leeds.ac.uk/ontologies/atu/SoilPhysics.owl#SoilWaterTransport,,https://doi.org/10.4324/9780203021231
https://w3id.org/eusoilvoc#SoilWetness,soil wetness,,,soil water physical properties,,http://imash.leeds.ac.uk/ontologies/atu/SoilPhysics.owl#SoilWetness,,
https://w3id.org/eusoilvoc#SoilWetting,soil wetting,,The spreading of applied water along soil-particle surfaces as attraction between soil and water overcomes cohesion within the water; a continuous water film on the particles permits uniform infiltration or percolation into the soil matrix.,soil water physical processes,,http://imash.leeds.ac.uk/ontologies/atu/SoilPhysics.owl#SoilWetting,,https://doi.org/10.4324/9780203021231
https://w3id.org/eusoilvoc#SolubleAnionTotal,soluble anion total,soluble anions total,"The Soluble Anions Total measures the concentration of anions (e.g., chloride, sulfate, nitrate) in soil solution. High levels may indicate salinity, nutrient availability, or contamination. Source: Sparks, D.L. (2003). Environmental Soil Chemistry.",soil solutes,,http://w3id.org/glosis/model/layerhorizon/solubleAnionsTotalProperty,,http://w3id.org/glosis/model/layerhorizon/solubleAnionsTotalProperty
https://w3id.org/eusoilvoc#SolubleCationTotal,soluble cation total,soluble cations total,"The Soluble Cations Total evaluates the sum of cations (e.g., sodium, potassium, calcium, magnesium) in soil solution. It is an indicator of soil salinity, fertility, and chemical balance. Source: Brady, N.C., & Weil, R.R. (2008). The Nature and Properties of Soils.",soil solutes,,http://w3id.org/glosis/model/layerhorizon/solubleCationsTotalProperty,,http://w3id.org/glosis/model/layerhorizon/solubleCationsTotalProperty
https://w3id.org/eusoilvoc#SolubleSalts,soluble salts,soluble salt,"Soluble salts refer to dissolved salts in the soil solution, primarily composed of sodium, calcium, magnesium, chloride, and sulfate ions. Excessive soluble salts cause salinity, which can impair plant water uptake and lead to osmotic stress. EC testing helps monitor salinity levels for effective management. Source: Soil Science Society of America.",salts | soil solutes,,http://w3id.org/glosis/model/codelists/physioChemicalPropertyCode-Solsal,,http://w3id.org/glosis/model/codelists/physioChemicalPropertyCode-Solsal
https://w3id.org/eusoilvoc#Stickiness,stickiness,,"The Stickiness measures the soil’s tendency to adhere to surfaces or objects when wet. It is influenced by clay content and organic matter and affects soil workability and machinery use. Source: Hillel, D. (2004). Introduction to Environmental Soil Physics.",soil physical properties,,http://aims.fao.org/aos/agrovoc/c_7409 | http://w3id.org/glosis/model/layerhorizon/stickinessProperty,,http://w3id.org/glosis/model/layerhorizon/stickinessProperty
https://w3id.org/eusoilvoc#StickyConsistence,sticky consistence,,"A soil consistence in which the soil adheres to other objects, such as farm implements or shoes.",soil consistence,,http://imash.leeds.ac.uk/ontologies/atu/SoilPhysics.owl#StickyConsistence,,https://doi.org/10.4324/9780203021231
https://w3id.org/eusoilvoc#StructuralPores,structural pores,structural pore,Pores between aggregates that result from the arrangement of structural elements and aggregate characteristics; also called interaggregate pores.,soil pores,,http://imash.leeds.ac.uk/ontologies/atu/SoilPhysics.owl#StructuralPore,,https://doi.org/10.4324/9780203021231
https://w3id.org/eusoilvoc#StructuralPorosity,structural porosity,,"The pore space between soil aggregates, defined by their spatial arrangement; also called interaggregate porosity.",soil porosity,,http://imash.leeds.ac.uk/ontologies/atu/SoilPhysics.owl#StructuralPorosity,,https://doi.org/10.4324/9780203021231
https://w3id.org/eusoilvoc#StructureGrade,structure grade,,"The Structure Grade assesses the development and stability of soil aggregates, classified as weak, moderate, or strong. It reflects soil tilth, aeration, and resistance to erosion. Source: Soil Survey Staff (2014). Keys to Soil Taxonomy.",soil structure,,http://w3id.org/glosis/model/layerhorizon/structureGradeProperty,,http://w3id.org/glosis/model/layerhorizon/structureGradeProperty
https://w3id.org/eusoilvoc#StructureSize,structure size,,"The Structure Size describes the dimensions of soil aggregates or structural units, such as granular, blocky, or platy. Structure size affects root penetration, water infiltration, and soil stability. Source: FAO (2006). Guidelines for Soil Description.",soil structure,,http://w3id.org/glosis/model/layerhorizon/structureSizeProperty,,http://w3id.org/glosis/model/layerhorizon/structureSizeProperty
https://w3id.org/eusoilvoc#Sulfur,sulfur,,,macronutrients,,http://aims.fao.org/aos/agrovoc/c_7514,,
https://w3id.org/eusoilvoc#SulfurExtractableElements,sulfur extractable elements,,Sulfur bound to the soil matrix but that can be released into the soil solution (i.e. become bio-available),sulfur,,http://w3id.org/glosis/model/codelists/physioChemicalPropertyCode-Sulext,,http://w3id.org/glosis/model/codelists/physioChemicalPropertyCode-Sulext
https://w3id.org/eusoilvoc#SulfurTotalElements,sulfur total elements,,"Total sulfur in soil includes both organic and inorganic forms, such as sulfates and sulfur in organic matter. Sulfur is essential for protein synthesis and enzyme functions in plants. Deficiency leads to stunted growth and yellowing of leaves. Total sulfur provides insight into the soil's potential to release plant-available sulfur over time, critical for sustaining crop health. Source: Havlin, J.L., et al. (2014). Soil Fertility and Fertilizers.",sulfur,,http://w3id.org/glosis/model/codelists/physioChemicalPropertyCode-Sultot,,http://w3id.org/glosis/model/codelists/physioChemicalPropertyCode-Sultot
https://w3id.org/eusoilvoc#SupportingServices,supporting services,supporting service,,ecosystem services,,http://aims.fao.org/aos/agrovoc/c_0f955994 | https://soilwise-he.github.io/soil-health#SupportingServices,,
https://w3id.org/eusoilvoc#SurfaceAggregationRatio,surface aggregation ratio,,The total surface area of soil particles larger than 0.05 mm in diameter divided by the quantity of aggregated silt and clay.,soil structure indirect index,,http://imash.leeds.ac.uk/ontologies/atu/SoilPhysics.owl#SurfaceAggregationRatio,,https://doi.org/10.4324/9780203021231
https://w3id.org/eusoilvoc#SurfaceRunoff,surface runoff,,Water moving downslope over the soil surface as overland flow when water application exceeds infiltration into the soil.,runoff,,http://imash.leeds.ac.uk/ontologies/atu/SoilPhysics.owl#SurfaceRunoff | http://www.eionet.europa.eu/gemet/concept/8225,http://aims.fao.org/aos/agrovoc/c_35388 | http://opendata.inrae.fr/thesaurusINRAE/c_4876,https://doi.org/10.4324/9780203021231
https://w3id.org/eusoilvoc#Termites,termites,termite,,soil macrofauna,,http://aims.fao.org/aos/agrovoc/c_b8039965 | http://imash.leeds.ac.uk/ontologies/atu/SoilPhysics.owl#Termite,,
https://w3id.org/eusoilvoc#TexturalPores,textural pores,textural pore,"Pores within an aggregate, determined by textural characteristics and the packing state of elementary particles; also called intraaggregate pores.",soil pores,,http://imash.leeds.ac.uk/ontologies/atu/SoilPhysics.owl#TexturalPore,,https://doi.org/10.4324/9780203021231
https://w3id.org/eusoilvoc#TexturalPorosity,textural porosity,,The porosity defined by the spatial distribution of soil separates or primary particles.,soil porosity,,http://imash.leeds.ac.uk/ontologies/atu/SoilPhysics.owl#TexturalPorosity,,https://doi.org/10.4324/9780203021231
https://w3id.org/eusoilvoc#TextureFieldClass,texture field class,,"The Texture Field Class categorizes soil texture based on the relative proportions of sand, silt, and clay, as assessed by field methods like the ribbon test. Field classes include sandy loam, clay loam, etc. Source: Soil Survey Manual (USDA, 2017).",soil description,,http://w3id.org/glosis/model/layerhorizon/textureFieldClassProperty,,http://w3id.org/glosis/model/layerhorizon/textureFieldClassProperty
https://w3id.org/eusoilvoc#TextureLabClass,texture lab class,,"The Texture Lab Class defines soil texture using laboratory-determined particle size distributions. This property provides a precise classification of soil as sand, silt, or clay using standard methods. Source: Brady, N.C., & Weil, R.R. (2008). The Nature and Properties of Soils.",soil description,,http://w3id.org/glosis/model/layerhorizon/textureLabClassProperty,,http://w3id.org/glosis/model/layerhorizon/textureLabClassProperty
https://w3id.org/eusoilvoc#TotalCarbonateEquivalent,total carbonate equivalent,,"The total calcium carbonate equivalent measures the full capacity of soil to neutralize acidity, considering all forms of carbonate and bicarbonate minerals. It is essential for managing soil pH and nutrient availability in acidic soils. Source: FAO Soil Bulletin.",carbonate,,http://w3id.org/glosis/model/codelists/physioChemicalPropertyCode-Ccetot,,http://w3id.org/glosis/model/codelists/physioChemicalPropertyCode-Ccetot
https://w3id.org/eusoilvoc#TotalPorosity,total porosity,,The ratio of the volume occupied by soil water and air to the total soil volume.,soil porosity | soil porosity index,,http://imash.leeds.ac.uk/ontologies/atu/SoilPhysics.owl#TotalPorosity,,https://doi.org/10.4324/9780203021231
https://w3id.org/eusoilvoc#TotalSoilMoisturePotential,total soil moisture potential,,"The sum of the pressure, matric, gravitational or positional, osmotic, and overburden components of soil-moisture potential: Φt = Φp + Φm + Φz + Φπ + Φo, respectively.",soil moisture potential,,http://imash.leeds.ac.uk/ontologies/atu/SoilPhysics.owl#TotalSoilMoisturePotential,,https://doi.org/10.4324/9780203021231
https://w3id.org/eusoilvoc#totalElementsProcedure-Total_h2so4,Total_h2so4,,Total P-/- colorimetric in H2SO4-Se-Salicylic acid digest( sulfuric acid) Particularly used for Total P.,,aluminium total elements | boron total elements | cadmium total elements | calcium total elements | copper total elements | iron total elements | magnesium total elements | manganese total elements | molybdenum total elements | phosphorus total elements | potassium total elements | sodium total elements | sulfur total elements | zinc total elements,http://w3id.org/glosis/model/procedure/totalElementsProcedure-Total_h2so4,,http://w3id.org/glosis/model/procedure/totalElementsProcedure-Total_h2so4
https://w3id.org/eusoilvoc#totalElementsProcedure-Total_hcl,Total_hcl,,HCl extraction. Particularly used for Total P.,,aluminium total elements | boron total elements | cadmium total elements | calcium total elements | copper total elements | iron total elements | magnesium total elements | manganese total elements | molybdenum total elements | phosphorus total elements | potassium total elements | sodium total elements | sulfur total elements | zinc total elements,http://w3id.org/glosis/model/procedure/totalElementsProcedure-Total_hcl,,http://w3id.org/glosis/model/procedure/totalElementsProcedure-Total_hcl
https://w3id.org/eusoilvoc#totalElementsProcedure-Total_hcl-aquaregia,Total_hcl-aquaregia,,Hydrocloric (HCl) extraction in nitric/perchloric acid mixture (totals) aqua regia,,aluminium total elements | boron total elements | cadmium total elements | calcium total elements | copper total elements | iron total elements | magnesium total elements | manganese total elements | molybdenum total elements | phosphorus total elements | potassium total elements | sodium total elements | sulfur total elements | zinc total elements,http://w3id.org/glosis/model/procedure/totalElementsProcedure-Total_hcl-aquaregia,,http://w3id.org/glosis/model/procedure/totalElementsProcedure-Total_hcl-aquaregia
https://w3id.org/eusoilvoc#totalElementsProcedure-Total_hclo4,Total_hclo4,,Perchloric acid percolation. Particularly used for Total P.,,aluminium total elements | boron total elements | cadmium total elements | calcium total elements | copper total elements | iron total elements | magnesium total elements | manganese total elements | molybdenum total elements | phosphorus total elements | potassium total elements | sodium total elements | sulfur total elements | zinc total elements,http://w3id.org/glosis/model/procedure/totalElementsProcedure-Total_hclo4,,http://w3id.org/glosis/model/procedure/totalElementsProcedure-Total_hclo4
https://w3id.org/eusoilvoc#totalElementsProcedure-Total_hno3-aquafortis,Total_hno3-aquafortis,,Nitric acid attack. Particularly used for Total P.,,aluminium total elements | boron total elements | cadmium total elements | calcium total elements | copper total elements | iron total elements | magnesium total elements | manganese total elements | molybdenum total elements | phosphorus total elements | potassium total elements | sodium total elements | sulfur total elements | zinc total elements,http://w3id.org/glosis/model/procedure/totalElementsProcedure-Total_hno3-aquafortis,,http://w3id.org/glosis/model/procedure/totalElementsProcedure-Total_hno3-aquafortis
https://w3id.org/eusoilvoc#totalElementsProcedure-Total_nh4-6mo7o24,Total_nh4-6mo7o24,,COLORIMETRIC VANADATE MOLYBDATE. Particularly used for Total P.,,aluminium total elements | boron total elements | cadmium total elements | calcium total elements | copper total elements | iron total elements | magnesium total elements | manganese total elements | molybdenum total elements | phosphorus total elements | potassium total elements | sodium total elements | sulfur total elements | zinc total elements,http://w3id.org/glosis/model/procedure/totalElementsProcedure-Total_nh4-6mo7o24,,http://w3id.org/glosis/model/procedure/totalElementsProcedure-Total_nh4-6mo7o24
https://w3id.org/eusoilvoc#totalElementsProcedure-Total_tp03,Total_tp03,,reagent of Baeyens. Precipitation in form of Phosphomolybdate. Particularly used for Total P.,,aluminium total elements | boron total elements | cadmium total elements | calcium total elements | copper total elements | iron total elements | magnesium total elements | manganese total elements | molybdenum total elements | phosphorus total elements | potassium total elements | sodium total elements | sulfur total elements | zinc total elements,http://w3id.org/glosis/model/procedure/totalElementsProcedure-Total_tp03,,http://w3id.org/glosis/model/procedure/totalElementsProcedure-Total_tp03
https://w3id.org/eusoilvoc#totalElementsProcedure-Total_tp04,Total_tp04,,acid fleischman. Particularly used for Total P.,,aluminium total elements | boron total elements | cadmium total elements | calcium total elements | copper total elements | iron total elements | magnesium total elements | manganese total elements | molybdenum total elements | phosphorus total elements | potassium total elements | sodium total elements | sulfur total elements | zinc total elements,http://w3id.org/glosis/model/procedure/totalElementsProcedure-Total_tp04,,http://w3id.org/glosis/model/procedure/totalElementsProcedure-Total_tp04
https://w3id.org/eusoilvoc#totalElementsProcedure-Total_tp05,Total_tp05,,8 M HCl extraction. Particularly used for Total P.,,aluminium total elements | boron total elements | cadmium total elements | calcium total elements | copper total elements | iron total elements | magnesium total elements | manganese total elements | molybdenum total elements | phosphorus total elements | potassium total elements | sodium total elements | sulfur total elements | zinc total elements,http://w3id.org/glosis/model/procedure/totalElementsProcedure-Total_tp05,,http://w3id.org/glosis/model/procedure/totalElementsProcedure-Total_tp05
https://w3id.org/eusoilvoc#totalElementsProcedure-Total_tp06,Total_tp06,,"Molybdenum blue method, using ascorbic acid as reductant after heating of soil to 550 C and extraction with 6M sulphuric acid. Particularly used for Total P.",,aluminium total elements | boron total elements | cadmium total elements | calcium total elements | copper total elements | iron total elements | magnesium total elements | manganese total elements | molybdenum total elements | phosphorus total elements | potassium total elements | sodium total elements | sulfur total elements | zinc total elements,http://w3id.org/glosis/model/procedure/totalElementsProcedure-Total_tp06,,http://w3id.org/glosis/model/procedure/totalElementsProcedure-Total_tp06
https://w3id.org/eusoilvoc#totalElementsProcedure-Total_tp07,Total_tp07,,1:1 H2SO4 : HNO3. Particularly used for Total P.,,aluminium total elements | boron total elements | cadmium total elements | calcium total elements | copper total elements | iron total elements | magnesium total elements | manganese total elements | molybdenum total elements | phosphorus total elements | potassium total elements | sodium total elements | sulfur total elements | zinc total elements,http://w3id.org/glosis/model/procedure/totalElementsProcedure-Total_tp07,,http://w3id.org/glosis/model/procedure/totalElementsProcedure-Total_tp07
https://w3id.org/eusoilvoc#totalElementsProcedure-Total_tp08,Total_tp08,,"After Nitric acid attack (boiling with HNO3), colometric determination (method of Duval).. Particularly used for Total P.",,aluminium total elements | boron total elements | cadmium total elements | calcium total elements | copper total elements | iron total elements | magnesium total elements | manganese total elements | molybdenum total elements | phosphorus total elements | potassium total elements | sodium total elements | sulfur total elements | zinc total elements,http://w3id.org/glosis/model/procedure/totalElementsProcedure-Total_tp08,,http://w3id.org/glosis/model/procedure/totalElementsProcedure-Total_tp08
https://w3id.org/eusoilvoc#totalElementsProcedure-Total_tp09,Total_tp09,,"Walker and Adams, 1958. Particularly used for Total P.",,aluminium total elements | boron total elements | cadmium total elements | calcium total elements | copper total elements | iron total elements | magnesium total elements | manganese total elements | molybdenum total elements | phosphorus total elements | potassium total elements | sodium total elements | sulfur total elements | zinc total elements,http://w3id.org/glosis/model/procedure/totalElementsProcedure-Total_tp09,,http://w3id.org/glosis/model/procedure/totalElementsProcedure-Total_tp09
https://w3id.org/eusoilvoc#totalElementsProcedure-Total_tp10,Total_tp10,,"Colorimetric, unspecified extract",,aluminium total elements | boron total elements | cadmium total elements | calcium total elements | copper total elements | iron total elements | magnesium total elements | manganese total elements | molybdenum total elements | phosphorus total elements | potassium total elements | sodium total elements | sulfur total elements | zinc total elements,http://w3id.org/glosis/model/procedure/totalElementsProcedure-Total_tp10,,http://w3id.org/glosis/model/procedure/totalElementsProcedure-Total_tp10
https://w3id.org/eusoilvoc#totalElementsProcedure-Total_unkn,Total_unk,,Unspecified method,,aluminium total elements | boron total elements | cadmium total elements | calcium total elements | copper total elements | iron total elements | magnesium total elements | manganese total elements | molybdenum total elements | phosphorus total elements | potassium total elements | sodium total elements | sulfur total elements | zinc total elements,http://w3id.org/glosis/model/procedure/totalElementsProcedure-Total_unkn,,http://w3id.org/glosis/model/procedure/totalElementsProcedure-Total_unkn
https://w3id.org/eusoilvoc#totalElementsProcedure-Total_xrd,Total_xrd,,XRD,,aluminium total elements | boron total elements | cadmium total elements | calcium total elements | copper total elements | iron total elements | magnesium total elements | manganese total elements | molybdenum total elements | phosphorus total elements | potassium total elements | sodium total elements | sulfur total elements | zinc total elements,http://w3id.org/glosis/model/procedure/totalElementsProcedure-Total_xrd,,http://w3id.org/glosis/model/procedure/totalElementsProcedure-Total_xrd
https://w3id.org/eusoilvoc#totalElementsProcedure-Total_xrf,Total_xrf,,XRF,,aluminium total elements | boron total elements | cadmium total elements | calcium total elements | copper total elements | iron total elements | magnesium total elements | manganese total elements | molybdenum total elements | phosphorus total elements | potassium total elements | sodium total elements | sulfur total elements | zinc total elements,http://w3id.org/glosis/model/procedure/totalElementsProcedure-Total_xrf,,http://w3id.org/glosis/model/procedure/totalElementsProcedure-Total_xrf
https://w3id.org/eusoilvoc#totalElementsProcedure-Total_xrf-p,Total_xrf-p,,PXRF,,aluminium total elements | boron total elements | cadmium total elements | calcium total elements | copper total elements | iron total elements | magnesium total elements | manganese total elements | molybdenum total elements | phosphorus total elements | potassium total elements | sodium total elements | sulfur total elements | zinc total elements,http://w3id.org/glosis/model/procedure/totalElementsProcedure-Total_xrf-p,,http://w3id.org/glosis/model/procedure/totalElementsProcedure-Total_xrf-p
https://w3id.org/eusoilvoc#totalElementsProcedure-Total_xtf-t,Total_xtf-t,,TXRF,,aluminium total elements | boron total elements | cadmium total elements | calcium total elements | copper total elements | iron total elements | magnesium total elements | manganese total elements | molybdenum total elements | phosphorus total elements | potassium total elements | sodium total elements | sulfur total elements | zinc total elements,http://w3id.org/glosis/model/procedure/totalElementsProcedure-Total_xtf-t,,http://w3id.org/glosis/model/procedure/totalElementsProcedure-Total_xtf-t
https://w3id.org/eusoilvoc#nitrogenTotalProcedure-TotalN_bremner,TotalN_bremner,,"Total N (Bremner, 1965, p. 1162-1164)",,nitrogen total,http://w3id.org/glosis/model/procedure/nitrogenTotalProcedure-TotalN_bremner,,http://w3id.org/glosis/model/procedure/nitrogenTotalProcedure-TotalN_bremner
https://w3id.org/eusoilvoc#nitrogenTotalProcedure-TotalN_calcul,TotalN_calcul,,OC * 1.72 / 20 (gives C/N=11.6009),,nitrogen total,http://w3id.org/glosis/model/procedure/nitrogenTotalProcedure-TotalN_calcul,,http://w3id.org/glosis/model/procedure/nitrogenTotalProcedure-TotalN_calcul
https://w3id.org/eusoilvoc#nitrogenTotalProcedure-TotalN_calcul-oc10,TotalN_calcul-oc10,,Calculated from OrgC and C/N ratio of 10,,nitrogen total,http://w3id.org/glosis/model/procedure/nitrogenTotalProcedure-TotalN_calcul-oc10,,http://w3id.org/glosis/model/procedure/nitrogenTotalProcedure-TotalN_calcul-oc10
https://w3id.org/eusoilvoc#nitrogenTotalProcedure-TotalN_dc,TotalN_dc,,Dry combustion,,nitrogen total,http://w3id.org/glosis/model/procedure/nitrogenTotalProcedure-TotalN_dc,,http://w3id.org/glosis/model/procedure/nitrogenTotalProcedure-TotalN_dc
https://w3id.org/eusoilvoc#nitrogenTotalProcedure-TotalN_dc-ht-dumas,TotalN_dc-ht-dumas,,Dry combustion at 800-1000 C celcius (Dumas method),TotalN_dc,,http://w3id.org/glosis/model/procedure/nitrogenTotalProcedure-TotalN_dc-ht-dumas,,http://w3id.org/glosis/model/procedure/nitrogenTotalProcedure-TotalN_dc-ht-dumas
https://w3id.org/eusoilvoc#nitrogenTotalProcedure-TotalN_dc-ht-leco,TotalN_dc-ht-leco,,"Element analyzer (LECO analyzer), Dry Combustion",TotalN_dc,,http://w3id.org/glosis/model/procedure/nitrogenTotalProcedure-TotalN_dc-ht-leco,,http://w3id.org/glosis/model/procedure/nitrogenTotalProcedure-TotalN_dc-ht-leco
https://w3id.org/eusoilvoc#nitrogenTotalProcedure-TotalN_dc-spec,TotalN_dc-spec,,Spectrally measured and converted to N by dry combustion,TotalN_dc,,http://w3id.org/glosis/model/procedure/nitrogenTotalProcedure-TotalN_dc-spec,,http://w3id.org/glosis/model/procedure/nitrogenTotalProcedure-TotalN_dc-spec
https://w3id.org/eusoilvoc#nitrogenTotalProcedure-TotalN_h2so4,TotalN_h2so4,,H2SO4,,nitrogen total,http://w3id.org/glosis/model/procedure/nitrogenTotalProcedure-TotalN_h2so4,,http://w3id.org/glosis/model/procedure/nitrogenTotalProcedure-TotalN_h2so4
https://w3id.org/eusoilvoc#nitrogenTotalProcedure-TotalN_kjeldahl,TotalN_kjeldahl,,Method of Kjeldahl (digestion),,nitrogen total,http://w3id.org/glosis/model/procedure/nitrogenTotalProcedure-TotalN_kjeldahl,,http://w3id.org/glosis/model/procedure/nitrogenTotalProcedure-TotalN_kjeldahl
https://w3id.org/eusoilvoc#nitrogenTotalProcedure-TotalN_kjeldahl-nh4,TotalN_kjeldahl-nh4,,"Kjeldahl, and ammonia distillation",,nitrogen total,http://w3id.org/glosis/model/procedure/nitrogenTotalProcedure-TotalN_kjeldahl-nh4,,http://w3id.org/glosis/model/procedure/nitrogenTotalProcedure-TotalN_kjeldahl-nh4
https://w3id.org/eusoilvoc#nitrogenTotalProcedure-TotalN_nelson,TotalN_nelso,,"Nelson and Sommers, 1980",,nitrogen total,http://w3id.org/glosis/model/procedure/nitrogenTotalProcedure-TotalN_nelson,,http://w3id.org/glosis/model/procedure/nitrogenTotalProcedure-TotalN_nelson
https://w3id.org/eusoilvoc#nitrogenTotalProcedure-TotalN_tn04,TotalN_tn04,,"Dry combustion using a CN-corder and cobalt oxide or copper oxide as an oxidation accelerator (Tanabe and Araragi, 1970)",,nitrogen total,http://w3id.org/glosis/model/procedure/nitrogenTotalProcedure-TotalN_tn04,,http://w3id.org/glosis/model/procedure/nitrogenTotalProcedure-TotalN_tn04
https://w3id.org/eusoilvoc#nitrogenTotalProcedure-TotalN_tn06,TotalN_tn06,,Continuous flow analyser after digestion with H2SO4/salicyclic acid/H2O2/Se,,nitrogen total,http://w3id.org/glosis/model/procedure/nitrogenTotalProcedure-TotalN_tn06,,http://w3id.org/glosis/model/procedure/nitrogenTotalProcedure-TotalN_tn06
https://w3id.org/eusoilvoc#nitrogenTotalProcedure-TotalN_tn08,TotalN_tn08,,"Sample digested by sulphuric acid, distillation of released ammonia, back titration against sulpuric acid",,nitrogen total,http://w3id.org/glosis/model/procedure/nitrogenTotalProcedure-TotalN_tn08,,http://w3id.org/glosis/model/procedure/nitrogenTotalProcedure-TotalN_tn08
https://w3id.org/eusoilvoc#carbonTotalProcedure-TotC_calcul-ic-oc,TotC_calcul-ic-oc,,Calculated as sum of inorganic carbon and organic carbon,,soil total carbon,http://w3id.org/glosis/model/procedure/carbonTotalProcedure-TotC_calcul-ic-oc,,http://w3id.org/glosis/model/procedure/carbonTotalProcedure-TotC_calcul-ic-oc
https://w3id.org/eusoilvoc#carbonTotalProcedure-TotC_dc-ht,TotC_dc-ht,,Unacidified dry combustion at high temperature (950-1400 C). Total Carbon,,soil total carbon,http://w3id.org/glosis/model/procedure/carbonTotalProcedure-TotC_dc-ht,,http://w3id.org/glosis/model/procedure/carbonTotalProcedure-TotC_dc-ht
https://w3id.org/eusoilvoc#carbonTotalProcedure-TotC_dc-ht-analyser,TotC_dc-ht-analyser,,"Unacidified dry combustion at high temperature (950-1400 C). Total Carbon (USDA-NRCS method 6A), LECO analyzer at 1140 C",,soil total carbon,http://w3id.org/glosis/model/procedure/carbonTotalProcedure-TotC_dc-ht-analyser,,http://w3id.org/glosis/model/procedure/carbonTotalProcedure-TotC_dc-ht-analyser
https://w3id.org/eusoilvoc#carbonTotalProcedure-TotC_dc-ht-spec,TotC_dc-ht-spec,,Spectrally measured and converted to Unacidified dry combustion at high temperature (950-1400 C).,,soil total carbon,http://w3id.org/glosis/model/procedure/carbonTotalProcedure-TotC_dc-ht-spec,,http://w3id.org/glosis/model/procedure/carbonTotalProcedure-TotC_dc-ht-spec
https://w3id.org/eusoilvoc#carbonTotalProcedure-TotC_dc-mt,TotC_dc-mt,,Unacidified dry combustion at medium temperature (550-950 C).,,soil total carbon,http://w3id.org/glosis/model/procedure/carbonTotalProcedure-TotC_dc-mt,,http://w3id.org/glosis/model/procedure/carbonTotalProcedure-TotC_dc-mt
https://w3id.org/eusoilvoc#organicMatterProcedure-TotHumC_unkn,TotHumC_unk,,Total humic carbon_unknown method,,soil organic matter,http://w3id.org/glosis/model/procedure/organicMatterProcedure-TotHumC_unkn,,http://w3id.org/glosis/model/procedure/organicMatterProcedure-TotHumC_unkn
https://w3id.org/eusoilvoc#Transpiration,transpiration,,,water interchange,,http://aims.fao.org/aos/agrovoc/c_7871 | http://imash.leeds.ac.uk/ontologies/atu/SoilPhysics.owl#Transpiration | http://www.eionet.europa.eu/gemet/concept/8630,,
https://w3id.org/eusoilvoc#TransverseDispersion,transverse dispersion,,Dispersion of solutes in the direction perpendicular to the direction of flow.,soil solute dispersive transport,,http://imash.leeds.ac.uk/ontologies/atu/SoilPhysics.owl#TransverseDispersion,,https://doi.org/10.4324/9780203021231
https://w3id.org/eusoilvoc#TreeDensity,tree density,,"Tree Density refers to the number of trees per unit area, usually expressed as trees per hectare. High tree density is often associated with forested ecosystems that contribute to soil fertility through organic matter inputs, root structures that stabilize the soil, and enhanced moisture retention. Source: FAO, 'Forest Resources Assessment'",trees,,http://opendata.inrae.fr/thesaurusINRAE/c_3020 | http://w3id.org/glosis/model/siteplot/treeDensityProperty,,http://w3id.org/glosis/model/siteplot/treeDensityProperty
https://w3id.org/eusoilvoc#Trees,trees,tree,,vegetation,,http://aims.fao.org/aos/agrovoc/c_7887 | http://imash.leeds.ac.uk/ontologies/atu/SoilPhysics.owl#Tree,,
https://w3id.org/eusoilvoc#UnsaturatedHydraulicConductivity,unsaturated hydraulic conductivity,,"The coefficient relating water flux through unsaturated soil to the hydraulic potential gradient, expressed by q = K(θ) ∂(Φ_m + Φ_z)/∂z, where q is water flux, K(θ) is unsaturated hydraulic conductivity, Φ_m and Φ_z are matric and gravitational potentials, and z is position. It is a nonlinear function of soil moisture content and matric potential.",soil hydraulic conductivity,,http://imash.leeds.ac.uk/ontologies/atu/SoilPhysics.owl#UnsaturatedHydraulicConductivity | https://soilwise-he.github.io/soil-health#UnsaturatedHydraulicConductivity,,https://doi.org/10.4324/9780203021231
https://w3id.org/eusoilvoc#UnsaturatedWaterFlow,unsaturated water flow,,"Water movement through a soil matrix that contains air-filled pores, following tortuous paths around those pores.",soil water flow,,http://imash.leeds.ac.uk/ontologies/atu/SoilPhysics.owl#UnsaturatedWaterFlow,,https://doi.org/10.4324/9780203021231
https://w3id.org/eusoilvoc#VariableCharge,variable charge,,A pH-dependent or proton-dependent surface charge caused by an imbalance of complexed proton and hydroxyl charges.,soil surface charge,,http://imash.leeds.ac.uk/ontologies/atu/SoilPhysics.owl#VariableCharge,,https://doi.org/10.4324/9780203021231
https://w3id.org/eusoilvoc#Vegetation,vegetation,,,plant cover,,http://aims.fao.org/aos/agrovoc/c_8176 | http://imash.leeds.ac.uk/ontologies/atu/SoilPhysics.owl#Vegetation | http://opendata.inrae.fr/thesaurusINRAE/c_8895 | http://www.eionet.europa.eu/gemet/concept/8922 | https://soilwise-he.github.io/soil-health#Vegetation,,
https://w3id.org/eusoilvoc#VegetationClass,vegetation class,,"Vegetation Class refers to the categorization of vegetation types based on species composition and structure, such as forests, grasslands, and wetlands. The class of vegetation affects soil fertility, microbial activity, and water retention, which in turn influences agricultural potential and ecosystem services. Source: FAO, 'Vegetation and Land Use in Arid Zones'",soil description,,http://w3id.org/glosis/model/siteplot/vegetationClassProperty,,http://w3id.org/glosis/model/siteplot/vegetationClassProperty
https://w3id.org/eusoilvoc#moistureContentProcedure-VMC_calcul-ptf,VMC_calcul-ptf,,Calculated by PTF,,soil moisture contents,http://w3id.org/glosis/model/procedure/moistureContentProcedure-VMC_calcul-ptf,,http://w3id.org/glosis/model/procedure/moistureContentProcedure-VMC_calcul-ptf
https://w3id.org/eusoilvoc#moistureContentProcedure-VMC_calcul-ptf-brookscorey,VMC_calcul-ptf-brookscorey,,Calculated by PTF of brooks - corey,,soil moisture contents,http://w3id.org/glosis/model/procedure/moistureContentProcedure-VMC_calcul-ptf-brookscorey,,http://w3id.org/glosis/model/procedure/moistureContentProcedure-VMC_calcul-ptf-brookscorey
https://w3id.org/eusoilvoc#moistureContentProcedure-VMC_d,VMC_d,,Volumetric moisture content in disturbed samples,,soil moisture contents,http://w3id.org/glosis/model/procedure/moistureContentProcedure-VMC_d,,http://w3id.org/glosis/model/procedure/moistureContentProcedure-VMC_d
https://w3id.org/eusoilvoc#moistureContentProcedure-VMC_d-cl,VMC_d-cl,,"Pressure-plate extraction, disturbed -clod- samples (wt%) * density",,soil moisture contents,http://w3id.org/glosis/model/procedure/moistureContentProcedure-VMC_d-cl,,http://w3id.org/glosis/model/procedure/moistureContentProcedure-VMC_d-cl
https://w3id.org/eusoilvoc#moistureContentProcedure-VMC_d-cl-ww,VMC_d-cl-ww,,"Pressure-plate extraction, disturbed -clod- samples (wt%) * density on weight/weight basis; to be converted to v/v (with BD at appropriate humidity)",,soil moisture contents,http://w3id.org/glosis/model/procedure/moistureContentProcedure-VMC_d-cl-ww,,http://w3id.org/glosis/model/procedure/moistureContentProcedure-VMC_d-cl-ww
https://w3id.org/eusoilvoc#moistureContentProcedure-VMC_d-ww,VMC_d-ww,,Volumetric moisture content in disturbed samples on weight/weight basis to be converted to v/v (with BD at appropriate humidity),,soil moisture contents,http://w3id.org/glosis/model/procedure/moistureContentProcedure-VMC_d-ww,,http://w3id.org/glosis/model/procedure/moistureContentProcedure-VMC_d-ww
https://w3id.org/eusoilvoc#moistureContentProcedure-VMC_ud,VMC_ud,,Undisturbed samples,,soil moisture contents,http://w3id.org/glosis/model/procedure/moistureContentProcedure-VMC_ud,,http://w3id.org/glosis/model/procedure/moistureContentProcedure-VMC_ud
https://w3id.org/eusoilvoc#moistureContentProcedure-VMC_ud-cl,VMC_ud-cl,,Natural clod,,soil moisture contents,http://w3id.org/glosis/model/procedure/moistureContentProcedure-VMC_ud-cl,,http://w3id.org/glosis/model/procedure/moistureContentProcedure-VMC_ud-cl
https://w3id.org/eusoilvoc#moistureContentProcedure-VMC_ud-co,VMC_ud-co,,Volumetric moisture content in undisturbed samples (pF rings cores),,soil moisture contents,http://w3id.org/glosis/model/procedure/moistureContentProcedure-VMC_ud-co,,http://w3id.org/glosis/model/procedure/moistureContentProcedure-VMC_ud-co
https://w3id.org/eusoilvoc#VoidClassification,void classification,voids classification,"The Voids Classification categorizes voids or pores in the soil based on size, shape, and arrangement. These voids are critical for water movement, air circulation, and root penetration. They are classified into macropores (large), mesopores (medium), and micropores (small). Source: Hillel, D. (2004). Introduction to Environmental Soil Physics.",soil voids,,http://w3id.org/glosis/model/layerhorizon/voidsClassificationProperty,,http://w3id.org/glosis/model/layerhorizon/voidsClassificationProperty
https://w3id.org/eusoilvoc#VoidDiameter,void diameter,voids diameter,"The Voids Diameter refers to the size of void spaces in soil, which can range from macro-voids (larger pores) to micro-voids (tiny pores). Voids diameter impacts soil aeration, water retention, and drainage. Source: Soil Science Society of America (SSSA) Glossary.",soil voids,,http://w3id.org/glosis/model/layerhorizon/voidsDiameterProperty,,http://w3id.org/glosis/model/layerhorizon/voidsDiameterProperty
https://w3id.org/eusoilvoc#VoidRatio,void ratio,,The volume of soil voids divided by the volume of soil solids.,soil porosity,,http://imash.leeds.ac.uk/ontologies/atu/SoilPhysics.owl#VoidRatio,,https://doi.org/10.4324/9780203021231
https://w3id.org/eusoilvoc#WasteDisposal,waste disposal,,,soil engineering functions | soil environmental functions,,http://aims.fao.org/aos/agrovoc/c_8305 | http://imash.leeds.ac.uk/ontologies/atu/SoilPhysics.owl#WasteDisposal | http://opendata.inrae.fr/thesaurusINRAE/c_4724 | http://www.eionet.europa.eu/gemet/concept/9062,,
https://w3id.org/eusoilvoc#WaterInterchange,water interchange,,"The transfer of water between the principal water pools, forms, or environments of the hydrologic cycle.",planetary phenomena,,http://imash.leeds.ac.uk/ontologies/atu/SoilPhysics.owl#WaterInterchange,,https://doi.org/10.4324/9780203021231
https://w3id.org/eusoilvoc#WaterPurification,water purification,,,soil functions,,http://aims.fao.org/aos/agrovoc/c_34145 | http://www.eionet.europa.eu/gemet/concept/9210 | https://soilwise-he.github.io/soil-health#WaterPurification,,
https://w3id.org/eusoilvoc#WaterQuality,water quality,,,soil engineering functions | soil environmental functions,,http://aims.fao.org/aos/agrovoc/c_16061 | http://imash.leeds.ac.uk/ontologies/atu/SoilPhysics.owl#WaterQuality | http://opendata.inrae.fr/thesaurusINRAE/c_4669 | http://www.eionet.europa.eu/gemet/concept/9214 | https://soilwise-he.github.io/soil-health#WaterQuality,,
https://w3id.org/eusoilvoc#WaterRegulation,water regulation,,,soil functions,,https://soilwise-he.github.io/soil-health#WaterRegulation,,
https://w3id.org/eusoilvoc#WaterStorageCapacity,water storage capacity,,,soil function indicators,,https://soilwise-he.github.io/soil-health#WaterStorageCapacity,,
https://w3id.org/eusoilvoc#Weather,weather,,,planetary phenomena,,http://aims.fao.org/aos/agrovoc/c_15292 | http://imash.leeds.ac.uk/ontologies/atu/SoilPhysics.owl#Weather | http://www.eionet.europa.eu/gemet/concept/9269 | https://soilwise-he.github.io/soil-health#Weather,,
https://w3id.org/eusoilvoc#WeatherCurrent,weather current,,"Weather Conditions Current describes the current atmospheric conditions in a specific location, including factors like temperature, humidity, wind speed, and precipitation. These conditions directly affect soil moisture, temperature, and erosion rates, influencing soil fertility and the ability to support plant growth. Source: USGS, 'Meteorological and Soil Interactions'",weather,,http://w3id.org/glosis/model/siteplot/weatherConditionsCurrentProperty,,http://w3id.org/glosis/model/siteplot/weatherConditionsCurrentProperty
https://w3id.org/eusoilvoc#WeatherPast,weather past,,"Weather Conditions Past refers to historical weather data, including past patterns of temperature, precipitation, and extreme weather events. Understanding past weather conditions helps in predicting soil behavior, erosion patterns, and agricultural productivity, as well as preparing for future changes in soil moisture and temperature. Source: USDA NRCS, 'Climate and Soil Interactions'",weather,,http://w3id.org/glosis/model/siteplot/weatherConditionsPastProperty,,http://w3id.org/glosis/model/siteplot/weatherConditionsPastProperty
https://w3id.org/eusoilvoc#WeatheringFragments,weathering fragments,weathering fragment,"The Weathering Fragment refers to soil particles or rock fragments that have been broken down through physical, chemical, or biological weathering. These fragments play a role in soil texture, structure, and nutrient availability. The degree of weathering can indicate the age and stability of the soil’s mineral content. Source: Brady, N. C., & Weil, R. R. (2008). The Nature and Properties of Soils (14th ed.). Pearson Prentice Hall.",fragments,,http://w3id.org/glosis/model/common/weatheringFragmentsProperty,,http://w3id.org/glosis/model/common/weatheringFragmentsProperty
https://w3id.org/eusoilvoc#WeatheringRock,weathering rock,,"Weathering Rock refers to the process of rock decomposition due to environmental factors like temperature changes, water, and chemical reactions. This process is important in soil formation as it contributes to the breakdown of parent material into smaller particles that form soil. Source: AGI, 'Encyclopedia of Geology'",rock,,http://w3id.org/glosis/model/siteplot/weatheringRockProperty,,http://w3id.org/glosis/model/siteplot/weatheringRockProperty
https://w3id.org/eusoilvoc#WetPlasticity,wet plasticity,,"The Wet Plasticity measures the soil’s ability to deform under pressure when saturated. Wet plasticity is influenced by clay mineralogy and is important for understanding soil behavior under wet conditions. Source: Hillel, D. (2004). Introduction to Environmental Soil Physics.",soil plasticity,,http://w3id.org/glosis/model/layerhorizon/wetPlasticityProperty,,http://w3id.org/glosis/model/layerhorizon/wetPlasticityProperty
https://w3id.org/eusoilvoc#WetSoilBulkDensity,wet soil bulk density,,The ratio of the combined mass of soil solids and soil water to the total soil volume.,soil bulk density,,http://imash.leeds.ac.uk/ontologies/atu/SoilPhysics.owl#WetSoilBulkDensity,,https://doi.org/10.4324/9780203021231
https://w3id.org/eusoilvoc#Zinc,zinc,,,micronutrients,,http://aims.fao.org/aos/agrovoc/c_8517 | http://opendata.inrae.fr/thesaurusINRAE/c_15783 | http://www.eionet.europa.eu/gemet/concept/9412 | https://soilwise-he.github.io/soil-health#Zinc,,
https://w3id.org/eusoilvoc#ZincExtractableElements,zinc extractable elements,,Zinc bound to the soil matrix but that can be released into the soil solution (i.e. become bio-available),zinc,,http://w3id.org/glosis/model/codelists/physioChemicalPropertyCode-Zinext,,http://w3id.org/glosis/model/codelists/physioChemicalPropertyCode-Zinext
https://w3id.org/eusoilvoc#ZincTotalElements,zinc total elements,,"Zinc is a micronutrient essential for plant enzyme systems, protein synthesis, and growth regulation. Deficiency is common in calcareous soils and results in stunted growth and chlorosis. Zinc fertilizers or soil pH adjustments can address deficiencies. Source: Havlin et al. (2014).",zinc,,http://w3id.org/glosis/model/codelists/physioChemicalPropertyCode-Zin,,http://w3id.org/glosis/model/codelists/physioChemicalPropertyCode-Zin
